Time,Tag,Type,Message,
0,Agent01,I,Agent Personality: N:0.34 E:0.02 O:0.89 A:0.47 C:0.85,
0,Agent01,I,Energy 0.5, Happiness -0.11, Action Wait,
0,Agent01,I,Behavior: Wait, rating 0,
0,Agent01,I,Behavior: Break, rating 43,
0,Agent01,I,Behavior: Quarrel, rating -9,
0,Agent01,I,Behavior: Chat, rating 14,
0,Agent01,I,Behavior: StudyAlone, rating 29,
0,Agent01,I,Behavior: StudyGroup, rating 0,
0,Agent01,I,Best behavior Break. Executing ...,
0,Agent01,I,Energy 0.55, Happiness -0.06, Action Break,
0.02,Agent01,I,Behavior: Wait, rating 0,
0.02,Agent01,I,Behavior: Break, rating 39,
0.02,Agent01,I,Behavior: Quarrel, rating -14,
0.02,Agent01,I,Behavior: Chat, rating 11,
0.02,Agent01,I,Behavior: StudyAlone, rating 32,
0.02,Agent01,I,Behavior: StudyGroup, rating 4,
0.02,Agent01,I,Best behavior Break. Executing ...,
0.02,Agent01,I,Energy 0.6, Happiness -0.009999998, Action Break,
0.12,Agent01,I,Behavior: Wait, rating 0,
0.12,Agent01,I,Behavior: Break, rating 36,
0.12,Agent01,I,Behavior: Quarrel, rating -18,
0.12,Agent01,I,Behavior: Chat, rating 7,
0.12,Agent01,I,Behavior: StudyAlone, rating 36,
0.12,Agent01,I,Behavior: StudyGroup, rating 7,
0.12,Agent01,I,Best behavior Break. Executing ...,
0.12,Agent01,I,Energy 0.65, Happiness 0.04, Action Break,
0.1492341,Agent01,I,Behavior: Wait, rating 0,
0.1492341,Agent01,I,Behavior: Break, rating 32,
0.1492341,Agent01,I,Behavior: Quarrel, rating -24,
0.1492341,Agent01,I,Behavior: Chat, rating 4,
0.1492341,Agent01,I,Behavior: StudyAlone, rating 39,
0.1492341,Agent01,I,Behavior: StudyGroup, rating 11,
0.1492341,Agent01,I,Best behavior StudyAlone. Executing ...,
0.1492341,Agent01,I,Energy 0.65, Happiness 0.04, Action StudyAlone,
0.165845,Agent01,I,Behavior: Wait, rating 0,
0.165845,Agent01,I,Behavior: Break, rating 32,
0.165845,Agent01,I,Behavior: Quarrel, rating -24,
0.165845,Agent01,I,Behavior: Chat, rating 4,
0.165845,Agent01,I,Behavior: StudyAlone, rating 39,
0.165845,Agent01,I,Behavior: StudyGroup, rating 11,
0.165845,Agent01,I,Best behavior StudyAlone. Executing ...,
0.165845,Agent01,I,Energy 0.6, Happiness 0.04, Action StudyAlone,
0.182416,Agent01,I,Behavior: Wait, rating 0,
0.182416,Agent01,I,Behavior: Break, rating 36,
0.182416,Agent01,I,Behavior: Quarrel, rating -24,
0.182416,Agent01,I,Behavior: Chat, rating 7,
0.182416,Agent01,I,Behavior: StudyAlone, rating 36,
0.182416,Agent01,I,Behavior: StudyGroup, rating 7,
0.182416,Agent01,I,Best behavior Break. Executing ...,
0.182416,Agent01,I,Energy 0.65, Happiness 0.09, Action Break,
0.199042,Agent01,I,Behavior: Wait, rating 0,
0.199042,Agent01,I,Behavior: Break, rating 32,
0.199042,Agent01,I,Behavior: Quarrel, rating -29,
0.199042,Agent01,I,Behavior: Chat, rating 4,
0.199042,Agent01,I,Behavior: StudyAlone, rating 39,
0.199042,Agent01,I,Behavior: StudyGroup, rating 11,
0.199042,Agent01,I,Best behavior StudyAlone. Executing ...,
0.199042,Agent01,I,Energy 0.65, Happiness 0.09, Action StudyAlone,
0.216445,Agent01,I,Behavior: Wait, rating 0,
0.216445,Agent01,I,Behavior: Break, rating 32,
0.216445,Agent01,I,Behavior: Quarrel, rating -29,
0.216445,Agent01,I,Behavior: Chat, rating 4,
0.216445,Agent01,I,Behavior: StudyAlone, rating 39,
0.216445,Agent01,I,Behavior: StudyGroup, rating 11,
0.216445,Agent01,I,Best behavior StudyAlone. Executing ...,
0.216445,Agent01,I,Energy 0.6, Happiness 0.09, Action StudyAlone,
0.232237,Agent01,I,Behavior: Wait, rating 0,
0.232237,Agent01,I,Behavior: Break, rating 36,
0.232237,Agent01,I,Behavior: Quarrel, rating -29,
0.232237,Agent01,I,Behavior: Chat, rating 7,
0.232237,Agent01,I,Behavior: StudyAlone, rating 36,
0.232237,Agent01,I,Behavior: StudyGroup, rating 7,
0.232237,Agent01,I,Best behavior Break. Executing ...,
0.232237,Agent01,I,Energy 0.65, Happiness 0.14, Action Break,
0.249725,Agent01,I,Behavior: Wait, rating 0,
0.249725,Agent01,I,Behavior: Break, rating 32,
0.249725,Agent01,I,Behavior: Quarrel, rating -34,
0.249725,Agent01,I,Behavior: Chat, rating 4,
0.249725,Agent01,I,Behavior: StudyAlone, rating 39,
0.249725,Agent01,I,Behavior: StudyGroup, rating 11,
0.249725,Agent01,I,Best behavior StudyAlone. Executing ...,
0.249725,Agent01,I,Energy 0.65, Happiness 0.14, Action StudyAlone,
0.265415,Agent01,I,Behavior: Wait, rating 0,
0.265415,Agent01,I,Behavior: Break, rating 32,
0.265415,Agent01,I,Behavior: Quarrel, rating -34,
0.265415,Agent01,I,Behavior: Chat, rating 4,
0.265415,Agent01,I,Behavior: StudyAlone, rating 39,
0.265415,Agent01,I,Behavior: StudyGroup, rating 11,
0.265415,Agent01,I,Best behavior StudyAlone. Executing ...,
0.265415,Agent01,I,Energy 0.6, Happiness 0.14, Action StudyAlone,
0.2823631,Agent01,I,Behavior: Wait, rating 0,
0.2823631,Agent01,I,Behavior: Break, rating 36,
0.2823631,Agent01,I,Behavior: Quarrel, rating -34,
0.2823631,Agent01,I,Behavior: Chat, rating 7,
0.2823631,Agent01,I,Behavior: StudyAlone, rating 36,
0.2823631,Agent01,I,Behavior: StudyGroup, rating 7,
0.2823631,Agent01,I,Best behavior Break. Executing ...,
0.2823631,Agent01,I,Energy 0.65, Happiness 0.19, Action Break,
0.298713,Agent01,I,Behavior: Wait, rating 0,
0.298713,Agent01,I,Behavior: Break, rating 32,
0.298713,Agent01,I,Behavior: Quarrel, rating -38,
0.298713,Agent01,I,Behavior: Chat, rating 4,
0.298713,Agent01,I,Behavior: StudyAlone, rating 39,
0.298713,Agent01,I,Behavior: StudyGroup, rating 11,
0.298713,Agent01,I,Best behavior StudyAlone. Executing ...,
0.298713,Agent01,I,Energy 0.65, Happiness 0.19, Action StudyAlone,
0.315261,Agent01,I,Behavior: Wait, rating 0,
0.315261,Agent01,I,Behavior: Break, rating 32,
0.315261,Agent01,I,Behavior: Quarrel, rating -38,
0.315261,Agent01,I,Behavior: Chat, rating 4,
0.315261,Agent01,I,Behavior: StudyAlone, rating 39,
0.315261,Agent01,I,Behavior: StudyGroup, rating 11,
0.315261,Agent01,I,Best behavior StudyAlone. Executing ...,
0.315261,Agent01,I,Energy 0.6, Happiness 0.19, Action StudyAlone,
0.332409,Agent01,I,Behavior: Wait, rating 0,
0.332409,Agent01,I,Behavior: Break, rating 36,
0.332409,Agent01,I,Behavior: Quarrel, rating -38,
0.332409,Agent01,I,Behavior: Chat, rating 7,
0.332409,Agent01,I,Behavior: StudyAlone, rating 36,
0.332409,Agent01,I,Behavior: StudyGroup, rating 7,
0.332409,Agent01,I,Best behavior Break. Executing ...,
0.332409,Agent01,I,Energy 0.65, Happiness 0.24, Action Break,
0.348447,Agent01,I,Behavior: Wait, rating 0,
0.348447,Agent01,I,Behavior: Break, rating 32,
0.348447,Agent01,I,Behavior: Quarrel, rating -43,
0.348447,Agent01,I,Behavior: Chat, rating 4,
0.348447,Agent01,I,Behavior: StudyAlone, rating 39,
0.348447,Agent01,I,Behavior: StudyGroup, rating 11,
0.348447,Agent01,I,Best behavior StudyAlone. Executing ...,
0.348447,Agent01,I,Energy 0.65, Happiness 0.24, Action StudyAlone,
0.3657091,Agent01,I,Behavior: Wait, rating 0,
0.3657091,Agent01,I,Behavior: Break, rating 32,
0.3657091,Agent01,I,Behavior: Quarrel, rating -43,
0.3657091,Agent01,I,Behavior: Chat, rating 4,
0.3657091,Agent01,I,Behavior: StudyAlone, rating 39,
0.3657091,Agent01,I,Behavior: StudyGroup, rating 11,
0.3657091,Agent01,I,Best behavior StudyAlone. Executing ...,
0.3657091,Agent01,I,Energy 0.6, Happiness 0.24, Action StudyAlone,
0.381397,Agent01,I,Behavior: Wait, rating 0,
0.381397,Agent01,I,Behavior: Break, rating 36,
0.381397,Agent01,I,Behavior: Quarrel, rating -43,
0.381397,Agent01,I,Behavior: Chat, rating 7,
0.381397,Agent01,I,Behavior: StudyAlone, rating 36,
0.381397,Agent01,I,Behavior: StudyGroup, rating 7,
0.381397,Agent01,I,Best behavior Break. Executing ...,
0.381397,Agent01,I,Energy 0.65, Happiness 0.29, Action Break,
0.398384,Agent01,I,Behavior: Wait, rating 0,
0.398384,Agent01,I,Behavior: Break, rating 32,
0.398384,Agent01,I,Behavior: Quarrel, rating -49,
0.398384,Agent01,I,Behavior: Chat, rating 4,
0.398384,Agent01,I,Behavior: StudyAlone, rating 39,
0.398384,Agent01,I,Behavior: StudyGroup, rating 11,
0.398384,Agent01,I,Best behavior StudyAlone. Executing ...,
0.398384,Agent01,I,Energy 0.65, Happiness 0.29, Action StudyAlone,
0.415013,Agent01,I,Behavior: Wait, rating 0,
0.415013,Agent01,I,Behavior: Break, rating 32,
0.415013,Agent01,I,Behavior: Quarrel, rating -49,
0.415013,Agent01,I,Behavior: Chat, rating 4,
0.415013,Agent01,I,Behavior: StudyAlone, rating 39,
0.415013,Agent01,I,Behavior: StudyGroup, rating 11,
0.415013,Agent01,I,Best behavior StudyAlone. Executing ...,
0.415013,Agent01,I,Energy 0.6, Happiness 0.29, Action StudyAlone,
0.4317,Agent01,I,Behavior: Wait, rating 0,
0.4317,Agent01,I,Behavior: Break, rating 36,
0.4317,Agent01,I,Behavior: Quarrel, rating -49,
0.4317,Agent01,I,Behavior: Chat, rating 7,
0.4317,Agent01,I,Behavior: StudyAlone, rating 36,
0.4317,Agent01,I,Behavior: StudyGroup, rating 7,
0.4317,Agent01,I,Best behavior Break. Executing ...,
0.4317,Agent01,I,Energy 0.65, Happiness 0.34, Action Break,
0.4483171,Agent01,I,Behavior: Wait, rating 0,
0.4483171,Agent01,I,Behavior: Break, rating 32,
0.4483171,Agent01,I,Behavior: Quarrel, rating -54,
0.4483171,Agent01,I,Behavior: Chat, rating 4,
0.4483171,Agent01,I,Behavior: StudyAlone, rating 39,
0.4483171,Agent01,I,Behavior: StudyGroup, rating 11,
0.4483171,Agent01,I,Best behavior StudyAlone. Executing ...,
0.4483171,Agent01,I,Energy 0.65, Happiness 0.34, Action StudyAlone,
0.464327,Agent01,I,Behavior: Wait, rating 0,
0.464327,Agent01,I,Behavior: Break, rating 32,
0.464327,Agent01,I,Behavior: Quarrel, rating -54,
0.464327,Agent01,I,Behavior: Chat, rating 4,
0.464327,Agent01,I,Behavior: StudyAlone, rating 39,
0.464327,Agent01,I,Behavior: StudyGroup, rating 11,
0.464327,Agent01,I,Best behavior StudyAlone. Executing ...,
0.464327,Agent01,I,Energy 0.6, Happiness 0.34, Action StudyAlone,
0.481536,Agent01,I,Behavior: Wait, rating 0,
0.481536,Agent01,I,Behavior: Break, rating 36,
0.481536,Agent01,I,Behavior: Quarrel, rating -54,
0.481536,Agent01,I,Behavior: Chat, rating 7,
0.481536,Agent01,I,Behavior: StudyAlone, rating 36,
0.481536,Agent01,I,Behavior: StudyGroup, rating 7,
0.481536,Agent01,I,Best behavior Break. Executing ...,
0.481536,Agent01,I,Energy 0.65, Happiness 0.39, Action Break,
0.497735,Agent01,I,Behavior: Wait, rating 0,
0.497735,Agent01,I,Behavior: Break, rating 32,
0.497735,Agent01,I,Behavior: Quarrel, rating -59,
0.497735,Agent01,I,Behavior: Chat, rating 4,
0.497735,Agent01,I,Behavior: StudyAlone, rating 39,
0.497735,Agent01,I,Behavior: StudyGroup, rating 11,
0.497735,Agent01,I,Best behavior StudyAlone. Executing ...,
0.497735,Agent01,I,Energy 0.65, Happiness 0.39, Action StudyAlone,
0.514232,Agent01,I,Behavior: Wait, rating 0,
0.514232,Agent01,I,Behavior: Break, rating 32,
0.514232,Agent01,I,Behavior: Quarrel, rating -59,
0.514232,Agent01,I,Behavior: Chat, rating 4,
0.514232,Agent01,I,Behavior: StudyAlone, rating 39,
0.514232,Agent01,I,Behavior: StudyGroup, rating 11,
0.514232,Agent01,I,Best behavior StudyAlone. Executing ...,
0.514232,Agent01,I,Energy 0.6, Happiness 0.39, Action StudyAlone,
0.530928,Agent01,I,Behavior: Wait, rating 0,
0.530928,Agent01,I,Behavior: Break, rating 36,
0.530928,Agent01,I,Behavior: Quarrel, rating -59,
0.530928,Agent01,I,Behavior: Chat, rating 7,
0.530928,Agent01,I,Behavior: StudyAlone, rating 36,
0.530928,Agent01,I,Behavior: StudyGroup, rating 7,
0.530928,Agent01,I,Best behavior Break. Executing ...,
0.530928,Agent01,I,Energy 0.65, Happiness 0.44, Action Break,
0.547466,Agent01,I,Behavior: Wait, rating 0,
0.547466,Agent01,I,Behavior: Break, rating 32,
0.547466,Agent01,I,Behavior: Quarrel, rating -64,
0.547466,Agent01,I,Behavior: Chat, rating 4,
0.547466,Agent01,I,Behavior: StudyAlone, rating 39,
0.547466,Agent01,I,Behavior: StudyGroup, rating 11,
0.547466,Agent01,I,Best behavior StudyAlone. Executing ...,
0.547466,Agent01,I,Energy 0.65, Happiness 0.44, Action StudyAlone,
0.564312,Agent01,I,Behavior: Wait, rating 0,
0.564312,Agent01,I,Behavior: Break, rating 32,
0.564312,Agent01,I,Behavior: Quarrel, rating -64,
0.564312,Agent01,I,Behavior: Chat, rating 4,
0.564312,Agent01,I,Behavior: StudyAlone, rating 39,
0.564312,Agent01,I,Behavior: StudyGroup, rating 11,
0.564312,Agent01,I,Best behavior StudyAlone. Executing ...,
0.564312,Agent01,I,Energy 0.6, Happiness 0.44, Action StudyAlone,
0.580611,Agent01,I,Behavior: Wait, rating 0,
0.580611,Agent01,I,Behavior: Break, rating 36,
0.580611,Agent01,I,Behavior: Quarrel, rating -64,
0.580611,Agent01,I,Behavior: Chat, rating 7,
0.580611,Agent01,I,Behavior: StudyAlone, rating 36,
0.580611,Agent01,I,Behavior: StudyGroup, rating 7,
0.580611,Agent01,I,Best behavior Break. Executing ...,
0.580611,Agent01,I,Energy 0.65, Happiness 0.49, Action Break,
0.597656,Agent01,I,Behavior: Wait, rating 0,
0.597656,Agent01,I,Behavior: Break, rating 32,
0.597656,Agent01,I,Behavior: Quarrel, rating -69,
0.597656,Agent01,I,Behavior: Chat, rating 4,
0.597656,Agent01,I,Behavior: StudyAlone, rating 39,
0.597656,Agent01,I,Behavior: StudyGroup, rating 11,
0.597656,Agent01,I,Best behavior StudyAlone. Executing ...,
0.597656,Agent01,I,Energy 0.65, Happiness 0.49, Action StudyAlone,
0.613153,Agent01,I,Behavior: Wait, rating 0,
0.613153,Agent01,I,Behavior: Break, rating 32,
0.613153,Agent01,I,Behavior: Quarrel, rating -69,
0.613153,Agent01,I,Behavior: Chat, rating 4,
0.613153,Agent01,I,Behavior: StudyAlone, rating 39,
0.613153,Agent01,I,Behavior: StudyGroup, rating 11,
0.613153,Agent01,I,Best behavior StudyAlone. Executing ...,
0.613153,Agent01,I,Energy 0.6, Happiness 0.49, Action StudyAlone,
0.63085,Agent01,I,Behavior: Wait, rating 0,
0.63085,Agent01,I,Behavior: Break, rating 36,
0.63085,Agent01,I,Behavior: Quarrel, rating -69,
0.63085,Agent01,I,Behavior: Chat, rating 7,
0.63085,Agent01,I,Behavior: StudyAlone, rating 36,
0.63085,Agent01,I,Behavior: StudyGroup, rating 7,
0.63085,Agent01,I,Best behavior Break. Executing ...,
0.63085,Agent01,I,Energy 0.65, Happiness 0.54, Action Break,
0.646932,Agent01,I,Behavior: Wait, rating 0,
0.646932,Agent01,I,Behavior: Break, rating 32,
0.646932,Agent01,I,Behavior: Quarrel, rating -74,
0.646932,Agent01,I,Behavior: Chat, rating 4,
0.646932,Agent01,I,Behavior: StudyAlone, rating 39,
0.646932,Agent01,I,Behavior: StudyGroup, rating 11,
0.646932,Agent01,I,Best behavior StudyAlone. Executing ...,
0.646932,Agent01,I,Energy 0.65, Happiness 0.54, Action StudyAlone,
0.663655,Agent01,I,Behavior: Wait, rating 0,
0.663655,Agent01,I,Behavior: Break, rating 32,
0.663655,Agent01,I,Behavior: Quarrel, rating -74,
0.663655,Agent01,I,Behavior: Chat, rating 4,
0.663655,Agent01,I,Behavior: StudyAlone, rating 39,
0.663655,Agent01,I,Behavior: StudyGroup, rating 11,
0.663655,Agent01,I,Best behavior StudyAlone. Executing ...,
0.663655,Agent01,I,Energy 0.6, Happiness 0.54, Action StudyAlone,
0.680341,Agent01,I,Behavior: Wait, rating 0,
0.680341,Agent01,I,Behavior: Break, rating 36,
0.680341,Agent01,I,Behavior: Quarrel, rating -74,
0.680341,Agent01,I,Behavior: Chat, rating 7,
0.680341,Agent01,I,Behavior: StudyAlone, rating 36,
0.680341,Agent01,I,Behavior: StudyGroup, rating 7,
0.680341,Agent01,I,Best behavior Break. Executing ...,
0.680341,Agent01,I,Energy 0.65, Happiness 0.59, Action Break,
0.696808,Agent01,I,Behavior: Wait, rating 0,
0.696808,Agent01,I,Behavior: Break, rating 32,
0.696808,Agent01,I,Behavior: Quarrel, rating -79,
0.696808,Agent01,I,Behavior: Chat, rating 4,
0.696808,Agent01,I,Behavior: StudyAlone, rating 39,
0.696808,Agent01,I,Behavior: StudyGroup, rating 11,
0.696808,Agent01,I,Best behavior StudyAlone. Executing ...,
0.696808,Agent01,I,Energy 0.65, Happiness 0.59, Action StudyAlone,
0.713575,Agent01,I,Behavior: Wait, rating 0,
0.713575,Agent01,I,Behavior: Break, rating 32,
0.713575,Agent01,I,Behavior: Quarrel, rating -79,
0.713575,Agent01,I,Behavior: Chat, rating 4,
0.713575,Agent01,I,Behavior: StudyAlone, rating 39,
0.713575,Agent01,I,Behavior: StudyGroup, rating 11,
0.713575,Agent01,I,Best behavior StudyAlone. Executing ...,
0.713575,Agent01,I,Energy 0.6, Happiness 0.59, Action StudyAlone,
0.729509,Agent01,I,Behavior: Wait, rating 0,
0.729509,Agent01,I,Behavior: Break, rating 36,
0.729509,Agent01,I,Behavior: Quarrel, rating -79,
0.729509,Agent01,I,Behavior: Chat, rating 7,
0.729509,Agent01,I,Behavior: StudyAlone, rating 36,
0.729509,Agent01,I,Behavior: StudyGroup, rating 7,
0.729509,Agent01,I,Best behavior Break. Executing ...,
0.729509,Agent01,I,Energy 0.65, Happiness 0.64, Action Break,
0.746294,Agent01,I,Behavior: Wait, rating 0,
0.746294,Agent01,I,Behavior: Break, rating 32,
0.746294,Agent01,I,Behavior: Quarrel, rating -84,
0.746294,Agent01,I,Behavior: Chat, rating 4,
0.746294,Agent01,I,Behavior: StudyAlone, rating 39,
0.746294,Agent01,I,Behavior: StudyGroup, rating 11,
0.746294,Agent01,I,Best behavior StudyAlone. Executing ...,
0.746294,Agent01,I,Energy 0.65, Happiness 0.64, Action StudyAlone,
0.7628371,Agent01,I,Behavior: Wait, rating 0,
0.7628371,Agent01,I,Behavior: Break, rating 32,
0.7628371,Agent01,I,Behavior: Quarrel, rating -84,
0.7628371,Agent01,I,Behavior: Chat, rating 4,
0.7628371,Agent01,I,Behavior: StudyAlone, rating 39,
0.7628371,Agent01,I,Behavior: StudyGroup, rating 11,
0.7628371,Agent01,I,Best behavior StudyAlone. Executing ...,
0.7628371,Agent01,I,Energy 0.6, Happiness 0.64, Action StudyAlone,
0.779321,Agent01,I,Behavior: Wait, rating 0,
0.779321,Agent01,I,Behavior: Break, rating 36,
0.779321,Agent01,I,Behavior: Quarrel, rating -84,
0.779321,Agent01,I,Behavior: Chat, rating 7,
0.779321,Agent01,I,Behavior: StudyAlone, rating 36,
0.779321,Agent01,I,Behavior: StudyGroup, rating 7,
0.779321,Agent01,I,Best behavior Break. Executing ...,
0.779321,Agent01,I,Energy 0.65, Happiness 0.6900001, Action Break,
0.795718,Agent01,I,Behavior: Wait, rating 0,
0.795718,Agent01,I,Behavior: Break, rating 32,
0.795718,Agent01,I,Behavior: Quarrel, rating -89,
0.795718,Agent01,I,Behavior: Chat, rating 4,
0.795718,Agent01,I,Behavior: StudyAlone, rating 39,
0.795718,Agent01,I,Behavior: StudyGroup, rating 11,
0.795718,Agent01,I,Best behavior StudyAlone. Executing ...,
0.795718,Agent01,I,Energy 0.65, Happiness 0.6900001, Action StudyAlone,
0.812471,Agent01,I,Behavior: Wait, rating 0,
0.812471,Agent01,I,Behavior: Break, rating 32,
0.812471,Agent01,I,Behavior: Quarrel, rating -89,
0.812471,Agent01,I,Behavior: Chat, rating 4,
0.812471,Agent01,I,Behavior: StudyAlone, rating 39,
0.812471,Agent01,I,Behavior: StudyGroup, rating 11,
0.812471,Agent01,I,Best behavior StudyAlone. Executing ...,
0.812471,Agent01,I,Energy 0.6, Happiness 0.6900001, Action StudyAlone,
0.829079,Agent01,I,Behavior: Wait, rating 0,
0.829079,Agent01,I,Behavior: Break, rating 36,
0.829079,Agent01,I,Behavior: Quarrel, rating -89,
0.829079,Agent01,I,Behavior: Chat, rating 7,
0.829079,Agent01,I,Behavior: StudyAlone, rating 36,
0.829079,Agent01,I,Behavior: StudyGroup, rating 7,
0.829079,Agent01,I,Best behavior Break. Executing ...,
0.829079,Agent01,I,Energy 0.65, Happiness 0.7400001, Action Break,
0.84618,Agent01,I,Behavior: Wait, rating 0,
0.84618,Agent01,I,Behavior: Break, rating 32,
0.84618,Agent01,I,Behavior: Quarrel, rating -94,
0.84618,Agent01,I,Behavior: Chat, rating 4,
0.84618,Agent01,I,Behavior: StudyAlone, rating 39,
0.84618,Agent01,I,Behavior: StudyGroup, rating 11,
0.84618,Agent01,I,Best behavior StudyAlone. Executing ...,
0.84618,Agent01,I,Energy 0.65, Happiness 0.7400001, Action StudyAlone,
0.8622921,Agent01,I,Behavior: Wait, rating 0,
0.8622921,Agent01,I,Behavior: Break, rating 32,
0.8622921,Agent01,I,Behavior: Quarrel, rating -94,
0.8622921,Agent01,I,Behavior: Chat, rating 4,
0.8622921,Agent01,I,Behavior: StudyAlone, rating 39,
0.8622921,Agent01,I,Behavior: StudyGroup, rating 11,
0.8622921,Agent01,I,Best behavior StudyAlone. Executing ...,
0.8622921,Agent01,I,Energy 0.6, Happiness 0.7400001, Action StudyAlone,
0.878883,Agent01,I,Behavior: Wait, rating 0,
0.878883,Agent01,I,Behavior: Break, rating 36,
0.878883,Agent01,I,Behavior: Quarrel, rating -94,
0.878883,Agent01,I,Behavior: Chat, rating 7,
0.878883,Agent01,I,Behavior: StudyAlone, rating 36,
0.878883,Agent01,I,Behavior: StudyGroup, rating 7,
0.878883,Agent01,I,Best behavior Break. Executing ...,
0.878883,Agent01,I,Energy 0.65, Happiness 0.7900001, Action Break,
0.895579,Agent01,I,Behavior: Wait, rating 0,
0.895579,Agent01,I,Behavior: Break, rating 32,
0.895579,Agent01,I,Behavior: Quarrel, rating -99,
0.895579,Agent01,I,Behavior: Chat, rating 4,
0.895579,Agent01,I,Behavior: StudyAlone, rating 39,
0.895579,Agent01,I,Behavior: StudyGroup, rating 11,
0.895579,Agent01,I,Best behavior StudyAlone. Executing ...,
0.895579,Agent01,I,Energy 0.65, Happiness 0.7900001, Action StudyAlone,
0.912253,Agent01,I,Behavior: Wait, rating 0,
0.912253,Agent01,I,Behavior: Break, rating 32,
0.912253,Agent01,I,Behavior: Quarrel, rating -99,
0.912253,Agent01,I,Behavior: Chat, rating 4,
0.912253,Agent01,I,Behavior: StudyAlone, rating 39,
0.912253,Agent01,I,Behavior: StudyGroup, rating 11,
0.912253,Agent01,I,Best behavior StudyAlone. Executing ...,
0.912253,Agent01,I,Energy 0.6, Happiness 0.7900001, Action StudyAlone,
0.928919,Agent01,I,Behavior: Wait, rating 0,
0.928919,Agent01,I,Behavior: Break, rating 36,
0.928919,Agent01,I,Behavior: Quarrel, rating -99,
0.928919,Agent01,I,Behavior: Chat, rating 7,
0.928919,Agent01,I,Behavior: StudyAlone, rating 36,
0.928919,Agent01,I,Behavior: StudyGroup, rating 7,
0.928919,Agent01,I,Best behavior Break. Executing ...,
0.928919,Agent01,I,Energy 0.65, Happiness 0.8400001, Action Break,
0.945085,Agent01,I,Behavior: Wait, rating 0,
0.945085,Agent01,I,Behavior: Break, rating 32,
0.945085,Agent01,I,Behavior: Quarrel, rating -100,
0.945085,Agent01,I,Behavior: Chat, rating 4,
0.945085,Agent01,I,Behavior: StudyAlone, rating 39,
0.945085,Agent01,I,Behavior: StudyGroup, rating 11,
0.945085,Agent01,I,Best behavior StudyAlone. Executing ...,
0.945085,Agent01,I,Energy 0.65, Happiness 0.8400001, Action StudyAlone,
0.961077,Agent01,I,Behavior: Wait, rating 0,
0.961077,Agent01,I,Behavior: Break, rating 32,
0.961077,Agent01,I,Behavior: Quarrel, rating -100,
0.961077,Agent01,I,Behavior: Chat, rating 4,
0.961077,Agent01,I,Behavior: StudyAlone, rating 39,
0.961077,Agent01,I,Behavior: StudyGroup, rating 11,
0.961077,Agent01,I,Best behavior StudyAlone. Executing ...,
0.961077,Agent01,I,Energy 0.6, Happiness 0.8400001, Action StudyAlone,
0.9786659,Agent01,I,Behavior: Wait, rating 0,
0.9786659,Agent01,I,Behavior: Break, rating 36,
0.9786659,Agent01,I,Behavior: Quarrel, rating -100,
0.9786659,Agent01,I,Behavior: Chat, rating 7,
0.9786659,Agent01,I,Behavior: StudyAlone, rating 36,
0.9786659,Agent01,I,Behavior: StudyGroup, rating 7,
0.9786659,Agent01,I,Best behavior Break. Executing ...,
0.9786659,Agent01,I,Energy 0.65, Happiness 0.8900001, Action Break,
0.994758,Agent01,I,Behavior: Wait, rating 0,
0.994758,Agent01,I,Behavior: Break, rating 32,
0.994758,Agent01,I,Behavior: Quarrel, rating -100,
0.994758,Agent01,I,Behavior: Chat, rating 4,
0.994758,Agent01,I,Behavior: StudyAlone, rating 39,
0.994758,Agent01,I,Behavior: StudyGroup, rating 11,
0.994758,Agent01,I,Best behavior StudyAlone. Executing ...,
0.994758,Agent01,I,Energy 0.65, Happiness 0.8900001, Action StudyAlone,
1.011305,Agent01,I,Behavior: Wait, rating 0,
1.011305,Agent01,I,Behavior: Break, rating 32,
1.011305,Agent01,I,Behavior: Quarrel, rating -100,
1.011305,Agent01,I,Behavior: Chat, rating 4,
1.011305,Agent01,I,Behavior: StudyAlone, rating 39,
1.011305,Agent01,I,Behavior: StudyGroup, rating 11,
1.011305,Agent01,I,Best behavior StudyAlone. Executing ...,
1.011305,Agent01,I,Energy 0.6, Happiness 0.8900001, Action StudyAlone,
1.027613,Agent01,I,Behavior: Wait, rating 0,
1.027613,Agent01,I,Behavior: Break, rating 36,
1.027613,Agent01,I,Behavior: Quarrel, rating -100,
1.027613,Agent01,I,Behavior: Chat, rating 7,
1.027613,Agent01,I,Behavior: StudyAlone, rating 36,
1.027613,Agent01,I,Behavior: StudyGroup, rating 7,
1.027613,Agent01,I,Best behavior Break. Executing ...,
1.027613,Agent01,I,Energy 0.65, Happiness 0.9400001, Action Break,
1.045804,Agent01,I,Behavior: Wait, rating 0,
1.045804,Agent01,I,Behavior: Break, rating 32,
1.045804,Agent01,I,Behavior: Quarrel, rating -100,
1.045804,Agent01,I,Behavior: Chat, rating 4,
1.045804,Agent01,I,Behavior: StudyAlone, rating 39,
1.045804,Agent01,I,Behavior: StudyGroup, rating 11,
1.045804,Agent01,I,Best behavior StudyAlone. Executing ...,
1.045804,Agent01,I,Energy 0.65, Happiness 0.9400001, Action StudyAlone,
1.063541,Agent01,I,Behavior: Wait, rating 0,
1.063541,Agent01,I,Behavior: Break, rating 32,
1.063541,Agent01,I,Behavior: Quarrel, rating -100,
1.063541,Agent01,I,Behavior: Chat, rating 4,
1.063541,Agent01,I,Behavior: StudyAlone, rating 39,
1.063541,Agent01,I,Behavior: StudyGroup, rating 11,
1.063541,Agent01,I,Best behavior StudyAlone. Executing ...,
1.063541,Agent01,I,Energy 0.6, Happiness 0.9400001, Action StudyAlone,
1.079732,Agent01,I,Behavior: Wait, rating 0,
1.079732,Agent01,I,Behavior: Break, rating 36,
1.079732,Agent01,I,Behavior: Quarrel, rating -100,
1.079732,Agent01,I,Behavior: Chat, rating 7,
1.079732,Agent01,I,Behavior: StudyAlone, rating 36,
1.079732,Agent01,I,Behavior: StudyGroup, rating 7,
1.079732,Agent01,I,Best behavior Break. Executing ...,
1.079732,Agent01,I,Energy 0.65, Happiness 0.9900001, Action Break,
1.096416,Agent01,I,Behavior: Wait, rating 0,
1.096416,Agent01,I,Behavior: Break, rating 32,
1.096416,Agent01,I,Behavior: Quarrel, rating -100,
1.096416,Agent01,I,Behavior: Chat, rating 4,
1.096416,Agent01,I,Behavior: StudyAlone, rating 39,
1.096416,Agent01,I,Behavior: StudyGroup, rating 11,
1.096416,Agent01,I,Best behavior StudyAlone. Executing ...,
1.096416,Agent01,I,Energy 0.65, Happiness 0.9900001, Action StudyAlone,
1.112494,Agent01,I,Behavior: Wait, rating 0,
1.112494,Agent01,I,Behavior: Break, rating 32,
1.112494,Agent01,I,Behavior: Quarrel, rating -100,
1.112494,Agent01,I,Behavior: Chat, rating 4,
1.112494,Agent01,I,Behavior: StudyAlone, rating 39,
1.112494,Agent01,I,Behavior: StudyGroup, rating 11,
1.112494,Agent01,I,Best behavior StudyAlone. Executing ...,
1.112494,Agent01,I,Energy 0.6, Happiness 0.9900001, Action StudyAlone,
1.129703,Agent01,I,Behavior: Wait, rating 0,
1.129703,Agent01,I,Behavior: Break, rating 36,
1.129703,Agent01,I,Behavior: Quarrel, rating -100,
1.129703,Agent01,I,Behavior: Chat, rating 7,
1.129703,Agent01,I,Behavior: StudyAlone, rating 36,
1.129703,Agent01,I,Behavior: StudyGroup, rating 7,
1.129703,Agent01,I,Best behavior Break. Executing ...,
1.129703,Agent01,I,Energy 0.65, Happiness 1, Action Break,
1.14577,Agent01,I,Behavior: Wait, rating 0,
1.14577,Agent01,I,Behavior: Break, rating 32,
1.14577,Agent01,I,Behavior: Quarrel, rating -100,
1.14577,Agent01,I,Behavior: Chat, rating 4,
1.14577,Agent01,I,Behavior: StudyAlone, rating 39,
1.14577,Agent01,I,Behavior: StudyGroup, rating 11,
1.14577,Agent01,I,Best behavior StudyAlone. Executing ...,
1.14577,Agent01,I,Energy 0.65, Happiness 1, Action StudyAlone,
1.161798,Agent01,I,Behavior: Wait, rating 0,
1.161798,Agent01,I,Behavior: Break, rating 32,
1.161798,Agent01,I,Behavior: Quarrel, rating -100,
1.161798,Agent01,I,Behavior: Chat, rating 4,
1.161798,Agent01,I,Behavior: StudyAlone, rating 39,
1.161798,Agent01,I,Behavior: StudyGroup, rating 11,
1.161798,Agent01,I,Best behavior StudyAlone. Executing ...,
1.161798,Agent01,I,Energy 0.6, Happiness 1, Action StudyAlone,
1.179411,Agent01,I,Behavior: Wait, rating 0,
1.179411,Agent01,I,Behavior: Break, rating 36,
1.179411,Agent01,I,Behavior: Quarrel, rating -100,
1.179411,Agent01,I,Behavior: Chat, rating 7,
1.179411,Agent01,I,Behavior: StudyAlone, rating 36,
1.179411,Agent01,I,Behavior: StudyGroup, rating 7,
1.179411,Agent01,I,Best behavior Break. Executing ...,
1.179411,Agent01,I,Energy 0.65, Happiness 1, Action Break,
1.19567,Agent01,I,Behavior: Wait, rating 0,
1.19567,Agent01,I,Behavior: Break, rating 32,
1.19567,Agent01,I,Behavior: Quarrel, rating -100,
1.19567,Agent01,I,Behavior: Chat, rating 4,
1.19567,Agent01,I,Behavior: StudyAlone, rating 39,
1.19567,Agent01,I,Behavior: StudyGroup, rating 11,
1.19567,Agent01,I,Best behavior StudyAlone. Executing ...,
1.19567,Agent01,I,Energy 0.65, Happiness 1, Action StudyAlone,
1.212139,Agent01,I,Behavior: Wait, rating 0,
1.212139,Agent01,I,Behavior: Break, rating 32,
1.212139,Agent01,I,Behavior: Quarrel, rating -100,
1.212139,Agent01,I,Behavior: Chat, rating 4,
1.212139,Agent01,I,Behavior: StudyAlone, rating 39,
1.212139,Agent01,I,Behavior: StudyGroup, rating 11,
1.212139,Agent01,I,Best behavior StudyAlone. Executing ...,
1.212139,Agent01,I,Energy 0.6, Happiness 1, Action StudyAlone,
1.228261,Agent01,I,Behavior: Wait, rating 0,
1.228261,Agent01,I,Behavior: Break, rating 36,
1.228261,Agent01,I,Behavior: Quarrel, rating -100,
1.228261,Agent01,I,Behavior: Chat, rating 7,
1.228261,Agent01,I,Behavior: StudyAlone, rating 36,
1.228261,Agent01,I,Behavior: StudyGroup, rating 7,
1.228261,Agent01,I,Best behavior Break. Executing ...,
1.228261,Agent01,I,Energy 0.65, Happiness 1, Action Break,
1.245729,Agent01,I,Behavior: Wait, rating 0,
1.245729,Agent01,I,Behavior: Break, rating 32,
1.245729,Agent01,I,Behavior: Quarrel, rating -100,
1.245729,Agent01,I,Behavior: Chat, rating 4,
1.245729,Agent01,I,Behavior: StudyAlone, rating 39,
1.245729,Agent01,I,Behavior: StudyGroup, rating 11,
1.245729,Agent01,I,Best behavior StudyAlone. Executing ...,
1.245729,Agent01,I,Energy 0.65, Happiness 1, Action StudyAlone,
1.261673,Agent01,I,Behavior: Wait, rating 0,
1.261673,Agent01,I,Behavior: Break, rating 32,
1.261673,Agent01,I,Behavior: Quarrel, rating -100,
1.261673,Agent01,I,Behavior: Chat, rating 4,
1.261673,Agent01,I,Behavior: StudyAlone, rating 39,
1.261673,Agent01,I,Behavior: StudyGroup, rating 11,
1.261673,Agent01,I,Best behavior StudyAlone. Executing ...,
1.261673,Agent01,I,Energy 0.6, Happiness 1, Action StudyAlone,
1.278888,Agent01,I,Behavior: Wait, rating 0,
1.278888,Agent01,I,Behavior: Break, rating 36,
1.278888,Agent01,I,Behavior: Quarrel, rating -100,
1.278888,Agent01,I,Behavior: Chat, rating 7,
1.278888,Agent01,I,Behavior: StudyAlone, rating 36,
1.278888,Agent01,I,Behavior: StudyGroup, rating 7,
1.278888,Agent01,I,Best behavior Break. Executing ...,
1.278888,Agent01,I,Energy 0.65, Happiness 1, Action Break,
1.295004,Agent01,I,Behavior: Wait, rating 0,
1.295004,Agent01,I,Behavior: Break, rating 32,
1.295004,Agent01,I,Behavior: Quarrel, rating -100,
1.295004,Agent01,I,Behavior: Chat, rating 4,
1.295004,Agent01,I,Behavior: StudyAlone, rating 39,
1.295004,Agent01,I,Behavior: StudyGroup, rating 11,
1.295004,Agent01,I,Best behavior StudyAlone. Executing ...,
1.295004,Agent01,I,Energy 0.65, Happiness 1, Action StudyAlone,
1.311697,Agent01,I,Behavior: Wait, rating 0,
1.311697,Agent01,I,Behavior: Break, rating 32,
1.311697,Agent01,I,Behavior: Quarrel, rating -100,
1.311697,Agent01,I,Behavior: Chat, rating 4,
1.311697,Agent01,I,Behavior: StudyAlone, rating 39,
1.311697,Agent01,I,Behavior: StudyGroup, rating 11,
1.311697,Agent01,I,Best behavior StudyAlone. Executing ...,
1.311697,Agent01,I,Energy 0.6, Happiness 1, Action StudyAlone,
1.328141,Agent01,I,Behavior: Wait, rating 0,
1.328141,Agent01,I,Behavior: Break, rating 36,
1.328141,Agent01,I,Behavior: Quarrel, rating -100,
1.328141,Agent01,I,Behavior: Chat, rating 7,
1.328141,Agent01,I,Behavior: StudyAlone, rating 36,
1.328141,Agent01,I,Behavior: StudyGroup, rating 7,
1.328141,Agent01,I,Best behavior Break. Executing ...,
1.328141,Agent01,I,Energy 0.65, Happiness 1, Action Break,
1.344259,Agent01,I,Behavior: Wait, rating 0,
1.344259,Agent01,I,Behavior: Break, rating 32,
1.344259,Agent01,I,Behavior: Quarrel, rating -100,
1.344259,Agent01,I,Behavior: Chat, rating 4,
1.344259,Agent01,I,Behavior: StudyAlone, rating 39,
1.344259,Agent01,I,Behavior: StudyGroup, rating 11,
1.344259,Agent01,I,Best behavior StudyAlone. Executing ...,
1.344259,Agent01,I,Energy 0.65, Happiness 1, Action StudyAlone,
1.360994,Agent01,I,Behavior: Wait, rating 0,
1.360994,Agent01,I,Behavior: Break, rating 32,
1.360994,Agent01,I,Behavior: Quarrel, rating -100,
1.360994,Agent01,I,Behavior: Chat, rating 4,
1.360994,Agent01,I,Behavior: StudyAlone, rating 39,
1.360994,Agent01,I,Behavior: StudyGroup, rating 11,
1.360994,Agent01,I,Best behavior StudyAlone. Executing ...,
1.360994,Agent01,I,Energy 0.6, Happiness 1, Action StudyAlone,
1.377686,Agent01,I,Behavior: Wait, rating 0,
1.377686,Agent01,I,Behavior: Break, rating 36,
1.377686,Agent01,I,Behavior: Quarrel, rating -100,
1.377686,Agent01,I,Behavior: Chat, rating 7,
1.377686,Agent01,I,Behavior: StudyAlone, rating 36,
1.377686,Agent01,I,Behavior: StudyGroup, rating 7,
1.377686,Agent01,I,Best behavior Break. Executing ...,
1.377686,Agent01,I,Energy 0.65, Happiness 1, Action Break,
1.394833,Agent01,I,Behavior: Wait, rating 0,
1.394833,Agent01,I,Behavior: Break, rating 32,
1.394833,Agent01,I,Behavior: Quarrel, rating -100,
1.394833,Agent01,I,Behavior: Chat, rating 4,
1.394833,Agent01,I,Behavior: StudyAlone, rating 39,
1.394833,Agent01,I,Behavior: StudyGroup, rating 11,
1.394833,Agent01,I,Best behavior StudyAlone. Executing ...,
1.394833,Agent01,I,Energy 0.65, Happiness 1, Action StudyAlone,
1.410386,Agent01,I,Behavior: Wait, rating 0,
1.410386,Agent01,I,Behavior: Break, rating 32,
1.410386,Agent01,I,Behavior: Quarrel, rating -100,
1.410386,Agent01,I,Behavior: Chat, rating 4,
1.410386,Agent01,I,Behavior: StudyAlone, rating 39,
1.410386,Agent01,I,Behavior: StudyGroup, rating 11,
1.410386,Agent01,I,Best behavior StudyAlone. Executing ...,
1.410386,Agent01,I,Energy 0.6, Happiness 1, Action StudyAlone,
1.427278,Agent01,I,Behavior: Wait, rating 0,
1.427278,Agent01,I,Behavior: Break, rating 36,
1.427278,Agent01,I,Behavior: Quarrel, rating -100,
1.427278,Agent01,I,Behavior: Chat, rating 7,
1.427278,Agent01,I,Behavior: StudyAlone, rating 36,
1.427278,Agent01,I,Behavior: StudyGroup, rating 7,
1.427278,Agent01,I,Best behavior Break. Executing ...,
1.427278,Agent01,I,Energy 0.65, Happiness 1, Action Break,
1.444036,Agent01,I,Behavior: Wait, rating 0,
1.444036,Agent01,I,Behavior: Break, rating 32,
1.444036,Agent01,I,Behavior: Quarrel, rating -100,
1.444036,Agent01,I,Behavior: Chat, rating 4,
1.444036,Agent01,I,Behavior: StudyAlone, rating 39,
1.444036,Agent01,I,Behavior: StudyGroup, rating 11,
1.444036,Agent01,I,Best behavior StudyAlone. Executing ...,
1.444036,Agent01,I,Energy 0.65, Happiness 1, Action StudyAlone,
1.460845,Agent01,I,Behavior: Wait, rating 0,
1.460845,Agent01,I,Behavior: Break, rating 32,
1.460845,Agent01,I,Behavior: Quarrel, rating -100,
1.460845,Agent01,I,Behavior: Chat, rating 4,
1.460845,Agent01,I,Behavior: StudyAlone, rating 39,
1.460845,Agent01,I,Behavior: StudyGroup, rating 11,
1.460845,Agent01,I,Best behavior StudyAlone. Executing ...,
1.460845,Agent01,I,Energy 0.6, Happiness 1, Action StudyAlone,
1.476598,Agent01,I,Behavior: Wait, rating 0,
1.476598,Agent01,I,Behavior: Break, rating 36,
1.476598,Agent01,I,Behavior: Quarrel, rating -100,
1.476598,Agent01,I,Behavior: Chat, rating 7,
1.476598,Agent01,I,Behavior: StudyAlone, rating 36,
1.476598,Agent01,I,Behavior: StudyGroup, rating 7,
1.476598,Agent01,I,Best behavior Break. Executing ...,
1.476598,Agent01,I,Energy 0.65, Happiness 1, Action Break,
1.493331,Agent01,I,Behavior: Wait, rating 0,
1.493331,Agent01,I,Behavior: Break, rating 32,
1.493331,Agent01,I,Behavior: Quarrel, rating -100,
1.493331,Agent01,I,Behavior: Chat, rating 4,
1.493331,Agent01,I,Behavior: StudyAlone, rating 39,
1.493331,Agent01,I,Behavior: StudyGroup, rating 11,
1.493331,Agent01,I,Best behavior StudyAlone. Executing ...,
1.493331,Agent01,I,Energy 0.65, Happiness 1, Action StudyAlone,
1.510744,Agent01,I,Behavior: Wait, rating 0,
1.510744,Agent01,I,Behavior: Break, rating 32,
1.510744,Agent01,I,Behavior: Quarrel, rating -100,
1.510744,Agent01,I,Behavior: Chat, rating 4,
1.510744,Agent01,I,Behavior: StudyAlone, rating 39,
1.510744,Agent01,I,Behavior: StudyGroup, rating 11,
1.510744,Agent01,I,Best behavior StudyAlone. Executing ...,
1.510744,Agent01,I,Energy 0.6, Happiness 1, Action StudyAlone,
1.526652,Agent01,I,Behavior: Wait, rating 0,
1.526652,Agent01,I,Behavior: Break, rating 36,
1.526652,Agent01,I,Behavior: Quarrel, rating -100,
1.526652,Agent01,I,Behavior: Chat, rating 7,
1.526652,Agent01,I,Behavior: StudyAlone, rating 36,
1.526652,Agent01,I,Behavior: StudyGroup, rating 7,
1.526652,Agent01,I,Best behavior Break. Executing ...,
1.526652,Agent01,I,Energy 0.65, Happiness 1, Action Break,
1.543632,Agent01,I,Behavior: Wait, rating 0,
1.543632,Agent01,I,Behavior: Break, rating 32,
1.543632,Agent01,I,Behavior: Quarrel, rating -100,
1.543632,Agent01,I,Behavior: Chat, rating 4,
1.543632,Agent01,I,Behavior: StudyAlone, rating 39,
1.543632,Agent01,I,Behavior: StudyGroup, rating 11,
1.543632,Agent01,I,Best behavior StudyAlone. Executing ...,
1.543632,Agent01,I,Energy 0.65, Happiness 1, Action StudyAlone,
1.559854,Agent01,I,Behavior: Wait, rating 0,
1.559854,Agent01,I,Behavior: Break, rating 32,
1.559854,Agent01,I,Behavior: Quarrel, rating -100,
1.559854,Agent01,I,Behavior: Chat, rating 4,
1.559854,Agent01,I,Behavior: StudyAlone, rating 39,
1.559854,Agent01,I,Behavior: StudyGroup, rating 11,
1.559854,Agent01,I,Best behavior StudyAlone. Executing ...,
1.559854,Agent01,I,Energy 0.6, Happiness 1, Action StudyAlone,
1.576989,Agent01,I,Behavior: Wait, rating 0,
1.576989,Agent01,I,Behavior: Break, rating 36,
1.576989,Agent01,I,Behavior: Quarrel, rating -100,
1.576989,Agent01,I,Behavior: Chat, rating 7,
1.576989,Agent01,I,Behavior: StudyAlone, rating 36,
1.576989,Agent01,I,Behavior: StudyGroup, rating 7,
1.576989,Agent01,I,Best behavior Break. Executing ...,
1.576989,Agent01,I,Energy 0.65, Happiness 1, Action Break,
1.592988,Agent01,I,Behavior: Wait, rating 0,
1.592988,Agent01,I,Behavior: Break, rating 32,
1.592988,Agent01,I,Behavior: Quarrel, rating -100,
1.592988,Agent01,I,Behavior: Chat, rating 4,
1.592988,Agent01,I,Behavior: StudyAlone, rating 39,
1.592988,Agent01,I,Behavior: StudyGroup, rating 11,
1.592988,Agent01,I,Best behavior StudyAlone. Executing ...,
1.592988,Agent01,I,Energy 0.65, Happiness 1, Action StudyAlone,
1.610025,Agent01,I,Behavior: Wait, rating 0,
1.610025,Agent01,I,Behavior: Break, rating 32,
1.610025,Agent01,I,Behavior: Quarrel, rating -100,
1.610025,Agent01,I,Behavior: Chat, rating 4,
1.610025,Agent01,I,Behavior: StudyAlone, rating 39,
1.610025,Agent01,I,Behavior: StudyGroup, rating 11,
1.610025,Agent01,I,Best behavior StudyAlone. Executing ...,
1.610025,Agent01,I,Energy 0.6, Happiness 1, Action StudyAlone,
1.626281,Agent01,I,Behavior: Wait, rating 0,
1.626281,Agent01,I,Behavior: Break, rating 36,
1.626281,Agent01,I,Behavior: Quarrel, rating -100,
1.626281,Agent01,I,Behavior: Chat, rating 7,
1.626281,Agent01,I,Behavior: StudyAlone, rating 36,
1.626281,Agent01,I,Behavior: StudyGroup, rating 7,
1.626281,Agent01,I,Best behavior Break. Executing ...,
1.626281,Agent01,I,Energy 0.65, Happiness 1, Action Break,
1.642796,Agent01,I,Behavior: Wait, rating 0,
1.642796,Agent01,I,Behavior: Break, rating 32,
1.642796,Agent01,I,Behavior: Quarrel, rating -100,
1.642796,Agent01,I,Behavior: Chat, rating 4,
1.642796,Agent01,I,Behavior: StudyAlone, rating 39,
1.642796,Agent01,I,Behavior: StudyGroup, rating 11,
1.642796,Agent01,I,Best behavior StudyAlone. Executing ...,
1.642796,Agent01,I,Energy 0.65, Happiness 1, Action StudyAlone,
1.659403,Agent01,I,Behavior: Wait, rating 0,
1.659403,Agent01,I,Behavior: Break, rating 32,
1.659403,Agent01,I,Behavior: Quarrel, rating -100,
1.659403,Agent01,I,Behavior: Chat, rating 4,
1.659403,Agent01,I,Behavior: StudyAlone, rating 39,
1.659403,Agent01,I,Behavior: StudyGroup, rating 11,
1.659403,Agent01,I,Best behavior StudyAlone. Executing ...,
1.659403,Agent01,I,Energy 0.6, Happiness 1, Action StudyAlone,
1.67607,Agent01,I,Behavior: Wait, rating 0,
1.67607,Agent01,I,Behavior: Break, rating 36,
1.67607,Agent01,I,Behavior: Quarrel, rating -100,
1.67607,Agent01,I,Behavior: Chat, rating 7,
1.67607,Agent01,I,Behavior: StudyAlone, rating 36,
1.67607,Agent01,I,Behavior: StudyGroup, rating 7,
1.67607,Agent01,I,Best behavior Break. Executing ...,
1.67607,Agent01,I,Energy 0.65, Happiness 1, Action Break,
1.692711,Agent01,I,Behavior: Wait, rating 0,
1.692711,Agent01,I,Behavior: Break, rating 32,
1.692711,Agent01,I,Behavior: Quarrel, rating -100,
1.692711,Agent01,I,Behavior: Chat, rating 4,
1.692711,Agent01,I,Behavior: StudyAlone, rating 39,
1.692711,Agent01,I,Behavior: StudyGroup, rating 11,
1.692711,Agent01,I,Best behavior StudyAlone. Executing ...,
1.692711,Agent01,I,Energy 0.65, Happiness 1, Action StudyAlone,
1.709049,Agent01,I,Behavior: Wait, rating 0,
1.709049,Agent01,I,Behavior: Break, rating 32,
1.709049,Agent01,I,Behavior: Quarrel, rating -100,
1.709049,Agent01,I,Behavior: Chat, rating 4,
1.709049,Agent01,I,Behavior: StudyAlone, rating 39,
1.709049,Agent01,I,Behavior: StudyGroup, rating 11,
1.709049,Agent01,I,Best behavior StudyAlone. Executing ...,
1.709049,Agent01,I,Energy 0.6, Happiness 1, Action StudyAlone,
1.725108,Agent01,I,Behavior: Wait, rating 0,
1.725108,Agent01,I,Behavior: Break, rating 36,
1.725108,Agent01,I,Behavior: Quarrel, rating -100,
1.725108,Agent01,I,Behavior: Chat, rating 7,
1.725108,Agent01,I,Behavior: StudyAlone, rating 36,
1.725108,Agent01,I,Behavior: StudyGroup, rating 7,
1.725108,Agent01,I,Best behavior Break. Executing ...,
1.725108,Agent01,I,Energy 0.65, Happiness 1, Action Break,
1.74266,Agent01,I,Behavior: Wait, rating 0,
1.74266,Agent01,I,Behavior: Break, rating 32,
1.74266,Agent01,I,Behavior: Quarrel, rating -100,
1.74266,Agent01,I,Behavior: Chat, rating 4,
1.74266,Agent01,I,Behavior: StudyAlone, rating 39,
1.74266,Agent01,I,Behavior: StudyGroup, rating 11,
1.74266,Agent01,I,Best behavior StudyAlone. Executing ...,
1.74266,Agent01,I,Energy 0.65, Happiness 1, Action StudyAlone,
1.758893,Agent01,I,Behavior: Wait, rating 0,
1.758893,Agent01,I,Behavior: Break, rating 32,
1.758893,Agent01,I,Behavior: Quarrel, rating -100,
1.758893,Agent01,I,Behavior: Chat, rating 4,
1.758893,Agent01,I,Behavior: StudyAlone, rating 39,
1.758893,Agent01,I,Behavior: StudyGroup, rating 11,
1.758893,Agent01,I,Best behavior StudyAlone. Executing ...,
1.758893,Agent01,I,Energy 0.6, Happiness 1, Action StudyAlone,
1.77552,Agent01,I,Behavior: Wait, rating 0,
1.77552,Agent01,I,Behavior: Break, rating 36,
1.77552,Agent01,I,Behavior: Quarrel, rating -100,
1.77552,Agent01,I,Behavior: Chat, rating 7,
1.77552,Agent01,I,Behavior: StudyAlone, rating 36,
1.77552,Agent01,I,Behavior: StudyGroup, rating 7,
1.77552,Agent01,I,Best behavior Break. Executing ...,
1.77552,Agent01,I,Energy 0.65, Happiness 1, Action Break,
1.792093,Agent01,I,Behavior: Wait, rating 0,
1.792093,Agent01,I,Behavior: Break, rating 32,
1.792093,Agent01,I,Behavior: Quarrel, rating -100,
1.792093,Agent01,I,Behavior: Chat, rating 4,
1.792093,Agent01,I,Behavior: StudyAlone, rating 39,
1.792093,Agent01,I,Behavior: StudyGroup, rating 11,
1.792093,Agent01,I,Best behavior StudyAlone. Executing ...,
1.792093,Agent01,I,Energy 0.65, Happiness 1, Action StudyAlone,
1.808481,Agent01,I,Behavior: Wait, rating 0,
1.808481,Agent01,I,Behavior: Break, rating 32,
1.808481,Agent01,I,Behavior: Quarrel, rating -100,
1.808481,Agent01,I,Behavior: Chat, rating 4,
1.808481,Agent01,I,Behavior: StudyAlone, rating 39,
1.808481,Agent01,I,Behavior: StudyGroup, rating 11,
1.808481,Agent01,I,Best behavior StudyAlone. Executing ...,
1.808481,Agent01,I,Energy 0.6, Happiness 1, Action StudyAlone,
1.824829,Agent01,I,Behavior: Wait, rating 0,
1.824829,Agent01,I,Behavior: Break, rating 36,
1.824829,Agent01,I,Behavior: Quarrel, rating -100,
1.824829,Agent01,I,Behavior: Chat, rating 7,
1.824829,Agent01,I,Behavior: StudyAlone, rating 36,
1.824829,Agent01,I,Behavior: StudyGroup, rating 7,
1.824829,Agent01,I,Best behavior Break. Executing ...,
1.824829,Agent01,I,Energy 0.65, Happiness 1, Action Break,
1.841193,Agent01,I,Behavior: Wait, rating 0,
1.841193,Agent01,I,Behavior: Break, rating 32,
1.841193,Agent01,I,Behavior: Quarrel, rating -100,
1.841193,Agent01,I,Behavior: Chat, rating 4,
1.841193,Agent01,I,Behavior: StudyAlone, rating 39,
1.841193,Agent01,I,Behavior: StudyGroup, rating 11,
1.841193,Agent01,I,Best behavior StudyAlone. Executing ...,
1.841193,Agent01,I,Energy 0.65, Happiness 1, Action StudyAlone,
1.857938,Agent01,I,Behavior: Wait, rating 0,
1.857938,Agent01,I,Behavior: Break, rating 32,
1.857938,Agent01,I,Behavior: Quarrel, rating -100,
1.857938,Agent01,I,Behavior: Chat, rating 4,
1.857938,Agent01,I,Behavior: StudyAlone, rating 39,
1.857938,Agent01,I,Behavior: StudyGroup, rating 11,
1.857938,Agent01,I,Best behavior StudyAlone. Executing ...,
1.857938,Agent01,I,Energy 0.6, Happiness 1, Action StudyAlone,
1.874237,Agent01,I,Behavior: Wait, rating 0,
1.874237,Agent01,I,Behavior: Break, rating 36,
1.874237,Agent01,I,Behavior: Quarrel, rating -100,
1.874237,Agent01,I,Behavior: Chat, rating 7,
1.874237,Agent01,I,Behavior: StudyAlone, rating 36,
1.874237,Agent01,I,Behavior: StudyGroup, rating 7,
1.874237,Agent01,I,Best behavior Break. Executing ...,
1.874237,Agent01,I,Energy 0.65, Happiness 1, Action Break,
1.891438,Agent01,I,Behavior: Wait, rating 0,
1.891438,Agent01,I,Behavior: Break, rating 32,
1.891438,Agent01,I,Behavior: Quarrel, rating -100,
1.891438,Agent01,I,Behavior: Chat, rating 4,
1.891438,Agent01,I,Behavior: StudyAlone, rating 39,
1.891438,Agent01,I,Behavior: StudyGroup, rating 11,
1.891438,Agent01,I,Best behavior StudyAlone. Executing ...,
1.891438,Agent01,I,Energy 0.65, Happiness 1, Action StudyAlone,
1.908187,Agent01,I,Behavior: Wait, rating 0,
1.908187,Agent01,I,Behavior: Break, rating 32,
1.908187,Agent01,I,Behavior: Quarrel, rating -100,
1.908187,Agent01,I,Behavior: Chat, rating 4,
1.908187,Agent01,I,Behavior: StudyAlone, rating 39,
1.908187,Agent01,I,Behavior: StudyGroup, rating 11,
1.908187,Agent01,I,Best behavior StudyAlone. Executing ...,
1.908187,Agent01,I,Energy 0.6, Happiness 1, Action StudyAlone,
1.924277,Agent01,I,Behavior: Wait, rating 0,
1.924277,Agent01,I,Behavior: Break, rating 36,
1.924277,Agent01,I,Behavior: Quarrel, rating -100,
1.924277,Agent01,I,Behavior: Chat, rating 7,
1.924277,Agent01,I,Behavior: StudyAlone, rating 36,
1.924277,Agent01,I,Behavior: StudyGroup, rating 7,
1.924277,Agent01,I,Best behavior Break. Executing ...,
1.924277,Agent01,I,Energy 0.65, Happiness 1, Action Break,
1.941401,Agent01,I,Behavior: Wait, rating 0,
1.941401,Agent01,I,Behavior: Break, rating 32,
1.941401,Agent01,I,Behavior: Quarrel, rating -100,
1.941401,Agent01,I,Behavior: Chat, rating 4,
1.941401,Agent01,I,Behavior: StudyAlone, rating 39,
1.941401,Agent01,I,Behavior: StudyGroup, rating 11,
1.941401,Agent01,I,Best behavior StudyAlone. Executing ...,
1.941401,Agent01,I,Energy 0.65, Happiness 1, Action StudyAlone,
1.957701,Agent01,I,Behavior: Wait, rating 0,
1.957701,Agent01,I,Behavior: Break, rating 32,
1.957701,Agent01,I,Behavior: Quarrel, rating -100,
1.957701,Agent01,I,Behavior: Chat, rating 4,
1.957701,Agent01,I,Behavior: StudyAlone, rating 39,
1.957701,Agent01,I,Behavior: StudyGroup, rating 11,
1.957701,Agent01,I,Best behavior StudyAlone. Executing ...,
1.957701,Agent01,I,Energy 0.6, Happiness 1, Action StudyAlone,
1.974106,Agent01,I,Behavior: Wait, rating 0,
1.974106,Agent01,I,Behavior: Break, rating 36,
1.974106,Agent01,I,Behavior: Quarrel, rating -100,
1.974106,Agent01,I,Behavior: Chat, rating 7,
1.974106,Agent01,I,Behavior: StudyAlone, rating 36,
1.974106,Agent01,I,Behavior: StudyGroup, rating 7,
1.974106,Agent01,I,Best behavior Break. Executing ...,
1.974106,Agent01,I,Energy 0.65, Happiness 1, Action Break,
1.99081,Agent01,I,Behavior: Wait, rating 0,
1.99081,Agent01,I,Behavior: Break, rating 32,
1.99081,Agent01,I,Behavior: Quarrel, rating -100,
1.99081,Agent01,I,Behavior: Chat, rating 4,
1.99081,Agent01,I,Behavior: StudyAlone, rating 39,
1.99081,Agent01,I,Behavior: StudyGroup, rating 11,
1.99081,Agent01,I,Best behavior StudyAlone. Executing ...,
1.99081,Agent01,I,Energy 0.65, Happiness 1, Action StudyAlone,
2.007506,Agent01,I,Behavior: Wait, rating 0,
2.007506,Agent01,I,Behavior: Break, rating 32,
2.007506,Agent01,I,Behavior: Quarrel, rating -100,
2.007506,Agent01,I,Behavior: Chat, rating 4,
2.007506,Agent01,I,Behavior: StudyAlone, rating 39,
2.007506,Agent01,I,Behavior: StudyGroup, rating 11,
2.007506,Agent01,I,Best behavior StudyAlone. Executing ...,
2.007506,Agent01,I,Energy 0.6, Happiness 1, Action StudyAlone,
2.024129,Agent01,I,Behavior: Wait, rating 0,
2.024129,Agent01,I,Behavior: Break, rating 36,
2.024129,Agent01,I,Behavior: Quarrel, rating -100,
2.024129,Agent01,I,Behavior: Chat, rating 7,
2.024129,Agent01,I,Behavior: StudyAlone, rating 36,
2.024129,Agent01,I,Behavior: StudyGroup, rating 7,
2.024129,Agent01,I,Best behavior Break. Executing ...,
2.024129,Agent01,I,Energy 0.65, Happiness 1, Action Break,
2.04082,Agent01,I,Behavior: Wait, rating 0,
2.04082,Agent01,I,Behavior: Break, rating 32,
2.04082,Agent01,I,Behavior: Quarrel, rating -100,
2.04082,Agent01,I,Behavior: Chat, rating 4,
2.04082,Agent01,I,Behavior: StudyAlone, rating 39,
2.04082,Agent01,I,Behavior: StudyGroup, rating 11,
2.04082,Agent01,I,Best behavior StudyAlone. Executing ...,
2.04082,Agent01,I,Energy 0.65, Happiness 1, Action StudyAlone,
2.057431,Agent01,I,Behavior: Wait, rating 0,
2.057431,Agent01,I,Behavior: Break, rating 32,
2.057431,Agent01,I,Behavior: Quarrel, rating -100,
2.057431,Agent01,I,Behavior: Chat, rating 4,
2.057431,Agent01,I,Behavior: StudyAlone, rating 39,
2.057431,Agent01,I,Behavior: StudyGroup, rating 11,
2.057431,Agent01,I,Best behavior StudyAlone. Executing ...,
2.057431,Agent01,I,Energy 0.6, Happiness 1, Action StudyAlone,
2.074033,Agent01,I,Behavior: Wait, rating 0,
2.074033,Agent01,I,Behavior: Break, rating 36,
2.074033,Agent01,I,Behavior: Quarrel, rating -100,
2.074033,Agent01,I,Behavior: Chat, rating 7,
2.074033,Agent01,I,Behavior: StudyAlone, rating 36,
2.074033,Agent01,I,Behavior: StudyGroup, rating 7,
2.074033,Agent01,I,Best behavior Break. Executing ...,
2.074033,Agent01,I,Energy 0.65, Happiness 1, Action Break,
2.090171,Agent01,I,Behavior: Wait, rating 0,
2.090171,Agent01,I,Behavior: Break, rating 32,
2.090171,Agent01,I,Behavior: Quarrel, rating -100,
2.090171,Agent01,I,Behavior: Chat, rating 4,
2.090171,Agent01,I,Behavior: StudyAlone, rating 39,
2.090171,Agent01,I,Behavior: StudyGroup, rating 11,
2.090171,Agent01,I,Best behavior StudyAlone. Executing ...,
2.090171,Agent01,I,Energy 0.65, Happiness 1, Action StudyAlone,
2.106326,Agent01,I,Behavior: Wait, rating 0,
2.106326,Agent01,I,Behavior: Break, rating 32,
2.106326,Agent01,I,Behavior: Quarrel, rating -100,
2.106326,Agent01,I,Behavior: Chat, rating 4,
2.106326,Agent01,I,Behavior: StudyAlone, rating 39,
2.106326,Agent01,I,Behavior: StudyGroup, rating 11,
2.106326,Agent01,I,Best behavior StudyAlone. Executing ...,
2.106326,Agent01,I,Energy 0.6, Happiness 1, Action StudyAlone,
2.122924,Agent01,I,Behavior: Wait, rating 0,
2.122924,Agent01,I,Behavior: Break, rating 36,
2.122924,Agent01,I,Behavior: Quarrel, rating -100,
2.122924,Agent01,I,Behavior: Chat, rating 7,
2.122924,Agent01,I,Behavior: StudyAlone, rating 36,
2.122924,Agent01,I,Behavior: StudyGroup, rating 7,
2.122924,Agent01,I,Best behavior Break. Executing ...,
2.122924,Agent01,I,Energy 0.65, Happiness 1, Action Break,
2.139806,Agent01,I,Behavior: Wait, rating 0,
2.139806,Agent01,I,Behavior: Break, rating 32,
2.139806,Agent01,I,Behavior: Quarrel, rating -100,
2.139806,Agent01,I,Behavior: Chat, rating 4,
2.139806,Agent01,I,Behavior: StudyAlone, rating 39,
2.139806,Agent01,I,Behavior: StudyGroup, rating 11,
2.139806,Agent01,I,Best behavior StudyAlone. Executing ...,
2.139806,Agent01,I,Energy 0.65, Happiness 1, Action StudyAlone,
2.156278,Agent01,I,Behavior: Wait, rating 0,
2.156278,Agent01,I,Behavior: Break, rating 32,
2.156278,Agent01,I,Behavior: Quarrel, rating -100,
2.156278,Agent01,I,Behavior: Chat, rating 4,
2.156278,Agent01,I,Behavior: StudyAlone, rating 39,
2.156278,Agent01,I,Behavior: StudyGroup, rating 11,
2.156278,Agent01,I,Best behavior StudyAlone. Executing ...,
2.156278,Agent01,I,Energy 0.6, Happiness 1, Action StudyAlone,
2.172543,Agent01,I,Behavior: Wait, rating 0,
2.172543,Agent01,I,Behavior: Break, rating 36,
2.172543,Agent01,I,Behavior: Quarrel, rating -100,
2.172543,Agent01,I,Behavior: Chat, rating 7,
2.172543,Agent01,I,Behavior: StudyAlone, rating 36,
2.172543,Agent01,I,Behavior: StudyGroup, rating 7,
2.172543,Agent01,I,Best behavior Break. Executing ...,
2.172543,Agent01,I,Energy 0.65, Happiness 1, Action Break,
2.189504,Agent01,I,Behavior: Wait, rating 0,
2.189504,Agent01,I,Behavior: Break, rating 32,
2.189504,Agent01,I,Behavior: Quarrel, rating -100,
2.189504,Agent01,I,Behavior: Chat, rating 4,
2.189504,Agent01,I,Behavior: StudyAlone, rating 39,
2.189504,Agent01,I,Behavior: StudyGroup, rating 11,
2.189504,Agent01,I,Best behavior StudyAlone. Executing ...,
2.189504,Agent01,I,Energy 0.65, Happiness 1, Action StudyAlone,
2.206019,Agent01,I,Behavior: Wait, rating 0,
2.206019,Agent01,I,Behavior: Break, rating 32,
2.206019,Agent01,I,Behavior: Quarrel, rating -100,
2.206019,Agent01,I,Behavior: Chat, rating 4,
2.206019,Agent01,I,Behavior: StudyAlone, rating 39,
2.206019,Agent01,I,Behavior: StudyGroup, rating 11,
2.206019,Agent01,I,Best behavior StudyAlone. Executing ...,
2.206019,Agent01,I,Energy 0.6, Happiness 1, Action StudyAlone,
2.222335,Agent01,I,Behavior: Wait, rating 0,
2.222335,Agent01,I,Behavior: Break, rating 36,
2.222335,Agent01,I,Behavior: Quarrel, rating -100,
2.222335,Agent01,I,Behavior: Chat, rating 7,
2.222335,Agent01,I,Behavior: StudyAlone, rating 36,
2.222335,Agent01,I,Behavior: StudyGroup, rating 7,
2.222335,Agent01,I,Best behavior Break. Executing ...,
2.222335,Agent01,I,Energy 0.65, Happiness 1, Action Break,
2.238728,Agent01,I,Behavior: Wait, rating 0,
2.238728,Agent01,I,Behavior: Break, rating 32,
2.238728,Agent01,I,Behavior: Quarrel, rating -100,
2.238728,Agent01,I,Behavior: Chat, rating 4,
2.238728,Agent01,I,Behavior: StudyAlone, rating 39,
2.238728,Agent01,I,Behavior: StudyGroup, rating 11,
2.238728,Agent01,I,Best behavior StudyAlone. Executing ...,
2.238728,Agent01,I,Energy 0.65, Happiness 1, Action StudyAlone,
2.255695,Agent01,I,Behavior: Wait, rating 0,
2.255695,Agent01,I,Behavior: Break, rating 32,
2.255695,Agent01,I,Behavior: Quarrel, rating -100,
2.255695,Agent01,I,Behavior: Chat, rating 4,
2.255695,Agent01,I,Behavior: StudyAlone, rating 39,
2.255695,Agent01,I,Behavior: StudyGroup, rating 11,
2.255695,Agent01,I,Best behavior StudyAlone. Executing ...,
2.255695,Agent01,I,Energy 0.6, Happiness 1, Action StudyAlone,
2.272473,Agent01,I,Behavior: Wait, rating 0,
2.272473,Agent01,I,Behavior: Break, rating 36,
2.272473,Agent01,I,Behavior: Quarrel, rating -100,
2.272473,Agent01,I,Behavior: Chat, rating 7,
2.272473,Agent01,I,Behavior: StudyAlone, rating 36,
2.272473,Agent01,I,Behavior: StudyGroup, rating 7,
2.272473,Agent01,I,Best behavior Break. Executing ...,
2.272473,Agent01,I,Energy 0.65, Happiness 1, Action Break,
2.288613,Agent01,I,Behavior: Wait, rating 0,
2.288613,Agent01,I,Behavior: Break, rating 32,
2.288613,Agent01,I,Behavior: Quarrel, rating -100,
2.288613,Agent01,I,Behavior: Chat, rating 4,
2.288613,Agent01,I,Behavior: StudyAlone, rating 39,
2.288613,Agent01,I,Behavior: StudyGroup, rating 11,
2.288613,Agent01,I,Best behavior StudyAlone. Executing ...,
2.288613,Agent01,I,Energy 0.65, Happiness 1, Action StudyAlone,
2.305469,Agent01,I,Behavior: Wait, rating 0,
2.305469,Agent01,I,Behavior: Break, rating 32,
2.305469,Agent01,I,Behavior: Quarrel, rating -100,
2.305469,Agent01,I,Behavior: Chat, rating 4,
2.305469,Agent01,I,Behavior: StudyAlone, rating 39,
2.305469,Agent01,I,Behavior: StudyGroup, rating 11,
2.305469,Agent01,I,Best behavior StudyAlone. Executing ...,
2.305469,Agent01,I,Energy 0.6, Happiness 1, Action StudyAlone,
2.322609,Agent01,I,Behavior: Wait, rating 0,
2.322609,Agent01,I,Behavior: Break, rating 36,
2.322609,Agent01,I,Behavior: Quarrel, rating -100,
2.322609,Agent01,I,Behavior: Chat, rating 7,
2.322609,Agent01,I,Behavior: StudyAlone, rating 36,
2.322609,Agent01,I,Behavior: StudyGroup, rating 7,
2.322609,Agent01,I,Best behavior Break. Executing ...,
2.322609,Agent01,I,Energy 0.65, Happiness 1, Action Break,
2.338342,Agent01,I,Behavior: Wait, rating 0,
2.338342,Agent01,I,Behavior: Break, rating 32,
2.338342,Agent01,I,Behavior: Quarrel, rating -100,
2.338342,Agent01,I,Behavior: Chat, rating 4,
2.338342,Agent01,I,Behavior: StudyAlone, rating 39,
2.338342,Agent01,I,Behavior: StudyGroup, rating 11,
2.338342,Agent01,I,Best behavior StudyAlone. Executing ...,
2.338342,Agent01,I,Energy 0.65, Happiness 1, Action StudyAlone,
2.355309,Agent01,I,Behavior: Wait, rating 0,
2.355309,Agent01,I,Behavior: Break, rating 32,
2.355309,Agent01,I,Behavior: Quarrel, rating -100,
2.355309,Agent01,I,Behavior: Chat, rating 4,
2.355309,Agent01,I,Behavior: StudyAlone, rating 39,
2.355309,Agent01,I,Behavior: StudyGroup, rating 11,
2.355309,Agent01,I,Best behavior StudyAlone. Executing ...,
2.355309,Agent01,I,Energy 0.6, Happiness 1, Action StudyAlone,
2.372005,Agent01,I,Behavior: Wait, rating 0,
2.372005,Agent01,I,Behavior: Break, rating 36,
2.372005,Agent01,I,Behavior: Quarrel, rating -100,
2.372005,Agent01,I,Behavior: Chat, rating 7,
2.372005,Agent01,I,Behavior: StudyAlone, rating 36,
2.372005,Agent01,I,Behavior: StudyGroup, rating 7,
2.372005,Agent01,I,Best behavior Break. Executing ...,
2.372005,Agent01,I,Energy 0.65, Happiness 1, Action Break,
2.38864,Agent01,I,Behavior: Wait, rating 0,
2.38864,Agent01,I,Behavior: Break, rating 32,
2.38864,Agent01,I,Behavior: Quarrel, rating -100,
2.38864,Agent01,I,Behavior: Chat, rating 4,
2.38864,Agent01,I,Behavior: StudyAlone, rating 39,
2.38864,Agent01,I,Behavior: StudyGroup, rating 11,
2.38864,Agent01,I,Best behavior StudyAlone. Executing ...,
2.38864,Agent01,I,Energy 0.65, Happiness 1, Action StudyAlone,
2.405249,Agent01,I,Behavior: Wait, rating 0,
2.405249,Agent01,I,Behavior: Break, rating 32,
2.405249,Agent01,I,Behavior: Quarrel, rating -100,
2.405249,Agent01,I,Behavior: Chat, rating 4,
2.405249,Agent01,I,Behavior: StudyAlone, rating 39,
2.405249,Agent01,I,Behavior: StudyGroup, rating 11,
2.405249,Agent01,I,Best behavior StudyAlone. Executing ...,
2.405249,Agent01,I,Energy 0.6, Happiness 1, Action StudyAlone,
2.421408,Agent01,I,Behavior: Wait, rating 0,
2.421408,Agent01,I,Behavior: Break, rating 36,
2.421408,Agent01,I,Behavior: Quarrel, rating -100,
2.421408,Agent01,I,Behavior: Chat, rating 7,
2.421408,Agent01,I,Behavior: StudyAlone, rating 36,
2.421408,Agent01,I,Behavior: StudyGroup, rating 7,
2.421408,Agent01,I,Best behavior Break. Executing ...,
2.421408,Agent01,I,Energy 0.65, Happiness 1, Action Break,
2.437762,Agent01,I,Behavior: Wait, rating 0,
2.437762,Agent01,I,Behavior: Break, rating 32,
2.437762,Agent01,I,Behavior: Quarrel, rating -100,
2.437762,Agent01,I,Behavior: Chat, rating 4,
2.437762,Agent01,I,Behavior: StudyAlone, rating 39,
2.437762,Agent01,I,Behavior: StudyGroup, rating 11,
2.437762,Agent01,I,Best behavior StudyAlone. Executing ...,
2.437762,Agent01,I,Energy 0.65, Happiness 1, Action StudyAlone,
2.454028,Agent01,I,Behavior: Wait, rating 0,
2.454028,Agent01,I,Behavior: Break, rating 32,
2.454028,Agent01,I,Behavior: Quarrel, rating -100,
2.454028,Agent01,I,Behavior: Chat, rating 4,
2.454028,Agent01,I,Behavior: StudyAlone, rating 39,
2.454028,Agent01,I,Behavior: StudyGroup, rating 11,
2.454028,Agent01,I,Best behavior StudyAlone. Executing ...,
2.454028,Agent01,I,Energy 0.6, Happiness 1, Action StudyAlone,
2.471413,Agent01,I,Behavior: Wait, rating 0,
2.471413,Agent01,I,Behavior: Break, rating 36,
2.471413,Agent01,I,Behavior: Quarrel, rating -100,
2.471413,Agent01,I,Behavior: Chat, rating 7,
2.471413,Agent01,I,Behavior: StudyAlone, rating 36,
2.471413,Agent01,I,Behavior: StudyGroup, rating 7,
2.471413,Agent01,I,Best behavior Break. Executing ...,
2.471413,Agent01,I,Energy 0.65, Happiness 1, Action Break,
2.487736,Agent01,I,Behavior: Wait, rating 0,
2.487736,Agent01,I,Behavior: Break, rating 32,
2.487736,Agent01,I,Behavior: Quarrel, rating -100,
2.487736,Agent01,I,Behavior: Chat, rating 4,
2.487736,Agent01,I,Behavior: StudyAlone, rating 39,
2.487736,Agent01,I,Behavior: StudyGroup, rating 11,
2.487736,Agent01,I,Best behavior StudyAlone. Executing ...,
2.487736,Agent01,I,Energy 0.65, Happiness 1, Action StudyAlone,
2.504519,Agent01,I,Behavior: Wait, rating 0,
2.504519,Agent01,I,Behavior: Break, rating 32,
2.504519,Agent01,I,Behavior: Quarrel, rating -100,
2.504519,Agent01,I,Behavior: Chat, rating 4,
2.504519,Agent01,I,Behavior: StudyAlone, rating 39,
2.504519,Agent01,I,Behavior: StudyGroup, rating 11,
2.504519,Agent01,I,Best behavior StudyAlone. Executing ...,
2.504519,Agent01,I,Energy 0.6, Happiness 1, Action StudyAlone,
2.520266,Agent01,I,Behavior: Wait, rating 0,
2.520266,Agent01,I,Behavior: Break, rating 36,
2.520266,Agent01,I,Behavior: Quarrel, rating -100,
2.520266,Agent01,I,Behavior: Chat, rating 7,
2.520266,Agent01,I,Behavior: StudyAlone, rating 36,
2.520266,Agent01,I,Behavior: StudyGroup, rating 7,
2.520266,Agent01,I,Best behavior Break. Executing ...,
2.520266,Agent01,I,Energy 0.65, Happiness 1, Action Break,
2.536981,Agent01,I,Behavior: Wait, rating 0,
2.536981,Agent01,I,Behavior: Break, rating 32,
2.536981,Agent01,I,Behavior: Quarrel, rating -100,
2.536981,Agent01,I,Behavior: Chat, rating 4,
2.536981,Agent01,I,Behavior: StudyAlone, rating 39,
2.536981,Agent01,I,Behavior: StudyGroup, rating 11,
2.536981,Agent01,I,Best behavior StudyAlone. Executing ...,
2.536981,Agent01,I,Energy 0.65, Happiness 1, Action StudyAlone,
2.553588,Agent01,I,Behavior: Wait, rating 0,
2.553588,Agent01,I,Behavior: Break, rating 32,
2.553588,Agent01,I,Behavior: Quarrel, rating -100,
2.553588,Agent01,I,Behavior: Chat, rating 4,
2.553588,Agent01,I,Behavior: StudyAlone, rating 39,
2.553588,Agent01,I,Behavior: StudyGroup, rating 11,
2.553588,Agent01,I,Best behavior StudyAlone. Executing ...,
2.553588,Agent01,I,Energy 0.6, Happiness 1, Action StudyAlone,
2.569966,Agent01,I,Behavior: Wait, rating 0,
2.569966,Agent01,I,Behavior: Break, rating 36,
2.569966,Agent01,I,Behavior: Quarrel, rating -100,
2.569966,Agent01,I,Behavior: Chat, rating 7,
2.569966,Agent01,I,Behavior: StudyAlone, rating 36,
2.569966,Agent01,I,Behavior: StudyGroup, rating 7,
2.569966,Agent01,I,Best behavior Break. Executing ...,
2.569966,Agent01,I,Energy 0.65, Happiness 1, Action Break,
2.586568,Agent01,I,Behavior: Wait, rating 0,
2.586568,Agent01,I,Behavior: Break, rating 32,
2.586568,Agent01,I,Behavior: Quarrel, rating -100,
2.586568,Agent01,I,Behavior: Chat, rating 4,
2.586568,Agent01,I,Behavior: StudyAlone, rating 39,
2.586568,Agent01,I,Behavior: StudyGroup, rating 11,
2.586568,Agent01,I,Best behavior StudyAlone. Executing ...,
2.586568,Agent01,I,Energy 0.65, Happiness 1, Action StudyAlone,
2.603341,Agent01,I,Behavior: Wait, rating 0,
2.603341,Agent01,I,Behavior: Break, rating 32,
2.603341,Agent01,I,Behavior: Quarrel, rating -100,
2.603341,Agent01,I,Behavior: Chat, rating 4,
2.603341,Agent01,I,Behavior: StudyAlone, rating 39,
2.603341,Agent01,I,Behavior: StudyGroup, rating 11,
2.603341,Agent01,I,Best behavior StudyAlone. Executing ...,
2.603341,Agent01,I,Energy 0.6, Happiness 1, Action StudyAlone,
2.620163,Agent01,I,Behavior: Wait, rating 0,
2.620163,Agent01,I,Behavior: Break, rating 36,
2.620163,Agent01,I,Behavior: Quarrel, rating -100,
2.620163,Agent01,I,Behavior: Chat, rating 7,
2.620163,Agent01,I,Behavior: StudyAlone, rating 36,
2.620163,Agent01,I,Behavior: StudyGroup, rating 7,
2.620163,Agent01,I,Best behavior Break. Executing ...,
2.620163,Agent01,I,Energy 0.65, Happiness 1, Action Break,
2.636503,Agent01,I,Behavior: Wait, rating 0,
2.636503,Agent01,I,Behavior: Break, rating 32,
2.636503,Agent01,I,Behavior: Quarrel, rating -100,
2.636503,Agent01,I,Behavior: Chat, rating 4,
2.636503,Agent01,I,Behavior: StudyAlone, rating 39,
2.636503,Agent01,I,Behavior: StudyGroup, rating 11,
2.636503,Agent01,I,Best behavior StudyAlone. Executing ...,
2.636503,Agent01,I,Energy 0.65, Happiness 1, Action StudyAlone,
2.653066,Agent01,I,Behavior: Wait, rating 0,
2.653066,Agent01,I,Behavior: Break, rating 32,
2.653066,Agent01,I,Behavior: Quarrel, rating -100,
2.653066,Agent01,I,Behavior: Chat, rating 4,
2.653066,Agent01,I,Behavior: StudyAlone, rating 39,
2.653066,Agent01,I,Behavior: StudyGroup, rating 11,
2.653066,Agent01,I,Best behavior StudyAlone. Executing ...,
2.653066,Agent01,I,Energy 0.6, Happiness 1, Action StudyAlone,
2.669411,Agent01,I,Behavior: Wait, rating 0,
2.669411,Agent01,I,Behavior: Break, rating 36,
2.669411,Agent01,I,Behavior: Quarrel, rating -100,
2.669411,Agent01,I,Behavior: Chat, rating 7,
2.669411,Agent01,I,Behavior: StudyAlone, rating 36,
2.669411,Agent01,I,Behavior: StudyGroup, rating 7,
2.669411,Agent01,I,Best behavior Break. Executing ...,
2.669411,Agent01,I,Energy 0.65, Happiness 1, Action Break,
2.686004,Agent01,I,Behavior: Wait, rating 0,
2.686004,Agent01,I,Behavior: Break, rating 32,
2.686004,Agent01,I,Behavior: Quarrel, rating -100,
2.686004,Agent01,I,Behavior: Chat, rating 4,
2.686004,Agent01,I,Behavior: StudyAlone, rating 39,
2.686004,Agent01,I,Behavior: StudyGroup, rating 11,
2.686004,Agent01,I,Best behavior StudyAlone. Executing ...,
2.686004,Agent01,I,Energy 0.65, Happiness 1, Action StudyAlone,
2.702708,Agent01,I,Behavior: Wait, rating 0,
2.702708,Agent01,I,Behavior: Break, rating 32,
2.702708,Agent01,I,Behavior: Quarrel, rating -100,
2.702708,Agent01,I,Behavior: Chat, rating 4,
2.702708,Agent01,I,Behavior: StudyAlone, rating 39,
2.702708,Agent01,I,Behavior: StudyGroup, rating 11,
2.702708,Agent01,I,Best behavior StudyAlone. Executing ...,
2.702708,Agent01,I,Energy 0.6, Happiness 1, Action StudyAlone,
2.719177,Agent01,I,Behavior: Wait, rating 0,
2.719177,Agent01,I,Behavior: Break, rating 36,
2.719177,Agent01,I,Behavior: Quarrel, rating -100,
2.719177,Agent01,I,Behavior: Chat, rating 7,
2.719177,Agent01,I,Behavior: StudyAlone, rating 36,
2.719177,Agent01,I,Behavior: StudyGroup, rating 7,
2.719177,Agent01,I,Best behavior Break. Executing ...,
2.719177,Agent01,I,Energy 0.65, Happiness 1, Action Break,
2.736423,Agent01,I,Behavior: Wait, rating 0,
2.736423,Agent01,I,Behavior: Break, rating 32,
2.736423,Agent01,I,Behavior: Quarrel, rating -100,
2.736423,Agent01,I,Behavior: Chat, rating 4,
2.736423,Agent01,I,Behavior: StudyAlone, rating 39,
2.736423,Agent01,I,Behavior: StudyGroup, rating 11,
2.736423,Agent01,I,Best behavior StudyAlone. Executing ...,
2.736423,Agent01,I,Energy 0.65, Happiness 1, Action StudyAlone,
2.752956,Agent01,I,Behavior: Wait, rating 0,
2.752956,Agent01,I,Behavior: Break, rating 32,
2.752956,Agent01,I,Behavior: Quarrel, rating -100,
2.752956,Agent01,I,Behavior: Chat, rating 4,
2.752956,Agent01,I,Behavior: StudyAlone, rating 39,
2.752956,Agent01,I,Behavior: StudyGroup, rating 11,
2.752956,Agent01,I,Best behavior StudyAlone. Executing ...,
2.752956,Agent01,I,Energy 0.6, Happiness 1, Action StudyAlone,
2.769712,Agent01,I,Behavior: Wait, rating 0,
2.769712,Agent01,I,Behavior: Break, rating 36,
2.769712,Agent01,I,Behavior: Quarrel, rating -100,
2.769712,Agent01,I,Behavior: Chat, rating 7,
2.769712,Agent01,I,Behavior: StudyAlone, rating 36,
2.769712,Agent01,I,Behavior: StudyGroup, rating 7,
2.769712,Agent01,I,Best behavior Break. Executing ...,
2.769712,Agent01,I,Energy 0.65, Happiness 1, Action Break,
2.785677,Agent01,I,Behavior: Wait, rating 0,
2.785677,Agent01,I,Behavior: Break, rating 32,
2.785677,Agent01,I,Behavior: Quarrel, rating -100,
2.785677,Agent01,I,Behavior: Chat, rating 4,
2.785677,Agent01,I,Behavior: StudyAlone, rating 39,
2.785677,Agent01,I,Behavior: StudyGroup, rating 11,
2.785677,Agent01,I,Best behavior StudyAlone. Executing ...,
2.785677,Agent01,I,Energy 0.65, Happiness 1, Action StudyAlone,
2.802098,Agent01,I,Behavior: Wait, rating 0,
2.802098,Agent01,I,Behavior: Break, rating 32,
2.802098,Agent01,I,Behavior: Quarrel, rating -100,
2.802098,Agent01,I,Behavior: Chat, rating 4,
2.802098,Agent01,I,Behavior: StudyAlone, rating 39,
2.802098,Agent01,I,Behavior: StudyGroup, rating 11,
2.802098,Agent01,I,Best behavior StudyAlone. Executing ...,
2.802098,Agent01,I,Energy 0.6, Happiness 1, Action StudyAlone,
2.819069,Agent01,I,Behavior: Wait, rating 0,
2.819069,Agent01,I,Behavior: Break, rating 36,
2.819069,Agent01,I,Behavior: Quarrel, rating -100,
2.819069,Agent01,I,Behavior: Chat, rating 7,
2.819069,Agent01,I,Behavior: StudyAlone, rating 36,
2.819069,Agent01,I,Behavior: StudyGroup, rating 7,
2.819069,Agent01,I,Best behavior Break. Executing ...,
2.819069,Agent01,I,Energy 0.65, Happiness 1, Action Break,
2.835257,Agent01,I,Behavior: Wait, rating 0,
2.835257,Agent01,I,Behavior: Break, rating 32,
2.835257,Agent01,I,Behavior: Quarrel, rating -100,
2.835257,Agent01,I,Behavior: Chat, rating 4,
2.835257,Agent01,I,Behavior: StudyAlone, rating 39,
2.835257,Agent01,I,Behavior: StudyGroup, rating 11,
2.835257,Agent01,I,Best behavior StudyAlone. Executing ...,
2.835257,Agent01,I,Energy 0.65, Happiness 1, Action StudyAlone,
2.851862,Agent01,I,Behavior: Wait, rating 0,
2.851862,Agent01,I,Behavior: Break, rating 32,
2.851862,Agent01,I,Behavior: Quarrel, rating -100,
2.851862,Agent01,I,Behavior: Chat, rating 4,
2.851862,Agent01,I,Behavior: StudyAlone, rating 39,
2.851862,Agent01,I,Behavior: StudyGroup, rating 11,
2.851862,Agent01,I,Best behavior StudyAlone. Executing ...,
2.851862,Agent01,I,Energy 0.6, Happiness 1, Action StudyAlone,
2.869114,Agent01,I,Behavior: Wait, rating 0,
2.869114,Agent01,I,Behavior: Break, rating 36,
2.869114,Agent01,I,Behavior: Quarrel, rating -100,
2.869114,Agent01,I,Behavior: Chat, rating 7,
2.869114,Agent01,I,Behavior: StudyAlone, rating 36,
2.869114,Agent01,I,Behavior: StudyGroup, rating 7,
2.869114,Agent01,I,Best behavior Break. Executing ...,
2.869114,Agent01,I,Energy 0.65, Happiness 1, Action Break,
2.885254,Agent01,I,Behavior: Wait, rating 0,
2.885254,Agent01,I,Behavior: Break, rating 32,
2.885254,Agent01,I,Behavior: Quarrel, rating -100,
2.885254,Agent01,I,Behavior: Chat, rating 4,
2.885254,Agent01,I,Behavior: StudyAlone, rating 39,
2.885254,Agent01,I,Behavior: StudyGroup, rating 11,
2.885254,Agent01,I,Best behavior StudyAlone. Executing ...,
2.885254,Agent01,I,Energy 0.65, Happiness 1, Action StudyAlone,
2.902352,Agent01,I,Behavior: Wait, rating 0,
2.902352,Agent01,I,Behavior: Break, rating 32,
2.902352,Agent01,I,Behavior: Quarrel, rating -100,
2.902352,Agent01,I,Behavior: Chat, rating 4,
2.902352,Agent01,I,Behavior: StudyAlone, rating 39,
2.902352,Agent01,I,Behavior: StudyGroup, rating 11,
2.902352,Agent01,I,Best behavior StudyAlone. Executing ...,
2.902352,Agent01,I,Energy 0.6, Happiness 1, Action StudyAlone,
2.918202,Agent01,I,Behavior: Wait, rating 0,
2.918202,Agent01,I,Behavior: Break, rating 36,
2.918202,Agent01,I,Behavior: Quarrel, rating -100,
2.918202,Agent01,I,Behavior: Chat, rating 7,
2.918202,Agent01,I,Behavior: StudyAlone, rating 36,
2.918202,Agent01,I,Behavior: StudyGroup, rating 7,
2.918202,Agent01,I,Best behavior Break. Executing ...,
2.918202,Agent01,I,Energy 0.65, Happiness 1, Action Break,
2.934519,Agent01,I,Behavior: Wait, rating 0,
2.934519,Agent01,I,Behavior: Break, rating 32,
2.934519,Agent01,I,Behavior: Quarrel, rating -100,
2.934519,Agent01,I,Behavior: Chat, rating 4,
2.934519,Agent01,I,Behavior: StudyAlone, rating 39,
2.934519,Agent01,I,Behavior: StudyGroup, rating 11,
2.934519,Agent01,I,Best behavior StudyAlone. Executing ...,
2.934519,Agent01,I,Energy 0.65, Happiness 1, Action StudyAlone,
2.951626,Agent01,I,Behavior: Wait, rating 0,
2.951626,Agent01,I,Behavior: Break, rating 32,
2.951626,Agent01,I,Behavior: Quarrel, rating -100,
2.951626,Agent01,I,Behavior: Chat, rating 4,
2.951626,Agent01,I,Behavior: StudyAlone, rating 39,
2.951626,Agent01,I,Behavior: StudyGroup, rating 11,
2.951626,Agent01,I,Best behavior StudyAlone. Executing ...,
2.951626,Agent01,I,Energy 0.6, Happiness 1, Action StudyAlone,
2.967754,Agent01,I,Behavior: Wait, rating 0,
2.967754,Agent01,I,Behavior: Break, rating 36,
2.967754,Agent01,I,Behavior: Quarrel, rating -100,
2.967754,Agent01,I,Behavior: Chat, rating 7,
2.967754,Agent01,I,Behavior: StudyAlone, rating 36,
2.967754,Agent01,I,Behavior: StudyGroup, rating 7,
2.967754,Agent01,I,Best behavior Break. Executing ...,
2.967754,Agent01,I,Energy 0.65, Happiness 1, Action Break,
2.984482,Agent01,I,Behavior: Wait, rating 0,
2.984482,Agent01,I,Behavior: Break, rating 32,
2.984482,Agent01,I,Behavior: Quarrel, rating -100,
2.984482,Agent01,I,Behavior: Chat, rating 4,
2.984482,Agent01,I,Behavior: StudyAlone, rating 39,
2.984482,Agent01,I,Behavior: StudyGroup, rating 11,
2.984482,Agent01,I,Best behavior StudyAlone. Executing ...,
2.984482,Agent01,I,Energy 0.65, Happiness 1, Action StudyAlone,
3.001766,Agent01,I,Behavior: Wait, rating 0,
3.001766,Agent01,I,Behavior: Break, rating 32,
3.001766,Agent01,I,Behavior: Quarrel, rating -100,
3.001766,Agent01,I,Behavior: Chat, rating 4,
3.001766,Agent01,I,Behavior: StudyAlone, rating 39,
3.001766,Agent01,I,Behavior: StudyGroup, rating 11,
3.001766,Agent01,I,Best behavior StudyAlone. Executing ...,
3.001766,Agent01,I,Energy 0.6, Happiness 1, Action StudyAlone,
3.01743,Agent01,I,Behavior: Wait, rating 0,
3.01743,Agent01,I,Behavior: Break, rating 36,
3.01743,Agent01,I,Behavior: Quarrel, rating -100,
3.01743,Agent01,I,Behavior: Chat, rating 7,
3.01743,Agent01,I,Behavior: StudyAlone, rating 36,
3.01743,Agent01,I,Behavior: StudyGroup, rating 7,
3.01743,Agent01,I,Best behavior Break. Executing ...,
3.01743,Agent01,I,Energy 0.65, Happiness 1, Action Break,
3.034458,Agent01,I,Behavior: Wait, rating 0,
3.034458,Agent01,I,Behavior: Break, rating 32,
3.034458,Agent01,I,Behavior: Quarrel, rating -100,
3.034458,Agent01,I,Behavior: Chat, rating 4,
3.034458,Agent01,I,Behavior: StudyAlone, rating 39,
3.034458,Agent01,I,Behavior: StudyGroup, rating 11,
3.034458,Agent01,I,Best behavior StudyAlone. Executing ...,
3.034458,Agent01,I,Energy 0.65, Happiness 1, Action StudyAlone,
3.051102,Agent01,I,Behavior: Wait, rating 0,
3.051102,Agent01,I,Behavior: Break, rating 32,
3.051102,Agent01,I,Behavior: Quarrel, rating -100,
3.051102,Agent01,I,Behavior: Chat, rating 4,
3.051102,Agent01,I,Behavior: StudyAlone, rating 39,
3.051102,Agent01,I,Behavior: StudyGroup, rating 11,
3.051102,Agent01,I,Best behavior StudyAlone. Executing ...,
3.051102,Agent01,I,Energy 0.6, Happiness 1, Action StudyAlone,
3.067189,Agent01,I,Behavior: Wait, rating 0,
3.067189,Agent01,I,Behavior: Break, rating 36,
3.067189,Agent01,I,Behavior: Quarrel, rating -100,
3.067189,Agent01,I,Behavior: Chat, rating 7,
3.067189,Agent01,I,Behavior: StudyAlone, rating 36,
3.067189,Agent01,I,Behavior: StudyGroup, rating 7,
3.067189,Agent01,I,Best behavior Break. Executing ...,
3.067189,Agent01,I,Energy 0.65, Happiness 1, Action Break,
3.084139,Agent01,I,Behavior: Wait, rating 0,
3.084139,Agent01,I,Behavior: Break, rating 32,
3.084139,Agent01,I,Behavior: Quarrel, rating -100,
3.084139,Agent01,I,Behavior: Chat, rating 4,
3.084139,Agent01,I,Behavior: StudyAlone, rating 39,
3.084139,Agent01,I,Behavior: StudyGroup, rating 11,
3.084139,Agent01,I,Best behavior StudyAlone. Executing ...,
3.084139,Agent01,I,Energy 0.65, Happiness 1, Action StudyAlone,
3.100163,Agent01,I,Behavior: Wait, rating 0,
3.100163,Agent01,I,Behavior: Break, rating 32,
3.100163,Agent01,I,Behavior: Quarrel, rating -100,
3.100163,Agent01,I,Behavior: Chat, rating 4,
3.100163,Agent01,I,Behavior: StudyAlone, rating 39,
3.100163,Agent01,I,Behavior: StudyGroup, rating 11,
3.100163,Agent01,I,Best behavior StudyAlone. Executing ...,
3.100163,Agent01,I,Energy 0.6, Happiness 1, Action StudyAlone,
3.117341,Agent01,I,Behavior: Wait, rating 0,
3.117341,Agent01,I,Behavior: Break, rating 36,
3.117341,Agent01,I,Behavior: Quarrel, rating -100,
3.117341,Agent01,I,Behavior: Chat, rating 7,
3.117341,Agent01,I,Behavior: StudyAlone, rating 36,
3.117341,Agent01,I,Behavior: StudyGroup, rating 7,
3.117341,Agent01,I,Best behavior Break. Executing ...,
3.117341,Agent01,I,Energy 0.65, Happiness 1, Action Break,
3.133705,Agent01,I,Behavior: Wait, rating 0,
3.133705,Agent01,I,Behavior: Break, rating 32,
3.133705,Agent01,I,Behavior: Quarrel, rating -100,
3.133705,Agent01,I,Behavior: Chat, rating 4,
3.133705,Agent01,I,Behavior: StudyAlone, rating 39,
3.133705,Agent01,I,Behavior: StudyGroup, rating 11,
3.133705,Agent01,I,Best behavior StudyAlone. Executing ...,
3.133705,Agent01,I,Energy 0.65, Happiness 1, Action StudyAlone,
3.150394,Agent01,I,Behavior: Wait, rating 0,
3.150394,Agent01,I,Behavior: Break, rating 32,
3.150394,Agent01,I,Behavior: Quarrel, rating -100,
3.150394,Agent01,I,Behavior: Chat, rating 4,
3.150394,Agent01,I,Behavior: StudyAlone, rating 39,
3.150394,Agent01,I,Behavior: StudyGroup, rating 11,
3.150394,Agent01,I,Best behavior StudyAlone. Executing ...,
3.150394,Agent01,I,Energy 0.6, Happiness 1, Action StudyAlone,
3.166759,Agent01,I,Behavior: Wait, rating 0,
3.166759,Agent01,I,Behavior: Break, rating 36,
3.166759,Agent01,I,Behavior: Quarrel, rating -100,
3.166759,Agent01,I,Behavior: Chat, rating 7,
3.166759,Agent01,I,Behavior: StudyAlone, rating 36,
3.166759,Agent01,I,Behavior: StudyGroup, rating 7,
3.166759,Agent01,I,Best behavior Break. Executing ...,
3.166759,Agent01,I,Energy 0.65, Happiness 1, Action Break,
3.183146,Agent01,I,Behavior: Wait, rating 0,
3.183146,Agent01,I,Behavior: Break, rating 32,
3.183146,Agent01,I,Behavior: Quarrel, rating -100,
3.183146,Agent01,I,Behavior: Chat, rating 4,
3.183146,Agent01,I,Behavior: StudyAlone, rating 39,
3.183146,Agent01,I,Behavior: StudyGroup, rating 11,
3.183146,Agent01,I,Best behavior StudyAlone. Executing ...,
3.183146,Agent01,I,Energy 0.65, Happiness 1, Action StudyAlone,
3.199547,Agent01,I,Behavior: Wait, rating 0,
3.199547,Agent01,I,Behavior: Break, rating 32,
3.199547,Agent01,I,Behavior: Quarrel, rating -100,
3.199547,Agent01,I,Behavior: Chat, rating 4,
3.199547,Agent01,I,Behavior: StudyAlone, rating 39,
3.199547,Agent01,I,Behavior: StudyGroup, rating 11,
3.199547,Agent01,I,Best behavior StudyAlone. Executing ...,
3.199547,Agent01,I,Energy 0.6, Happiness 1, Action StudyAlone,
3.216366,Agent01,I,Behavior: Wait, rating 0,
3.216366,Agent01,I,Behavior: Break, rating 36,
3.216366,Agent01,I,Behavior: Quarrel, rating -100,
3.216366,Agent01,I,Behavior: Chat, rating 7,
3.216366,Agent01,I,Behavior: StudyAlone, rating 36,
3.216366,Agent01,I,Behavior: StudyGroup, rating 7,
3.216366,Agent01,I,Best behavior Break. Executing ...,
3.216366,Agent01,I,Energy 0.65, Happiness 1, Action Break,
3.233618,Agent01,I,Behavior: Wait, rating 0,
3.233618,Agent01,I,Behavior: Break, rating 32,
3.233618,Agent01,I,Behavior: Quarrel, rating -100,
3.233618,Agent01,I,Behavior: Chat, rating 4,
3.233618,Agent01,I,Behavior: StudyAlone, rating 39,
3.233618,Agent01,I,Behavior: StudyGroup, rating 11,
3.233618,Agent01,I,Best behavior StudyAlone. Executing ...,
3.233618,Agent01,I,Energy 0.65, Happiness 1, Action StudyAlone,
3.249714,Agent01,I,Behavior: Wait, rating 0,
3.249714,Agent01,I,Behavior: Break, rating 32,
3.249714,Agent01,I,Behavior: Quarrel, rating -100,
3.249714,Agent01,I,Behavior: Chat, rating 4,
3.249714,Agent01,I,Behavior: StudyAlone, rating 39,
3.249714,Agent01,I,Behavior: StudyGroup, rating 11,
3.249714,Agent01,I,Best behavior StudyAlone. Executing ...,
3.249714,Agent01,I,Energy 0.6, Happiness 1, Action StudyAlone,
3.266442,Agent01,I,Behavior: Wait, rating 0,
3.266442,Agent01,I,Behavior: Break, rating 36,
3.266442,Agent01,I,Behavior: Quarrel, rating -100,
3.266442,Agent01,I,Behavior: Chat, rating 7,
3.266442,Agent01,I,Behavior: StudyAlone, rating 36,
3.266442,Agent01,I,Behavior: StudyGroup, rating 7,
3.266442,Agent01,I,Best behavior Break. Executing ...,
3.266442,Agent01,I,Energy 0.65, Happiness 1, Action Break,
3.283448,Agent01,I,Behavior: Wait, rating 0,
3.283448,Agent01,I,Behavior: Break, rating 32,
3.283448,Agent01,I,Behavior: Quarrel, rating -100,
3.283448,Agent01,I,Behavior: Chat, rating 4,
3.283448,Agent01,I,Behavior: StudyAlone, rating 39,
3.283448,Agent01,I,Behavior: StudyGroup, rating 11,
3.283448,Agent01,I,Best behavior StudyAlone. Executing ...,
3.283448,Agent01,I,Energy 0.65, Happiness 1, Action StudyAlone,
3.299691,Agent01,I,Behavior: Wait, rating 0,
3.299691,Agent01,I,Behavior: Break, rating 32,
3.299691,Agent01,I,Behavior: Quarrel, rating -100,
3.299691,Agent01,I,Behavior: Chat, rating 4,
3.299691,Agent01,I,Behavior: StudyAlone, rating 39,
3.299691,Agent01,I,Behavior: StudyGroup, rating 11,
3.299691,Agent01,I,Best behavior StudyAlone. Executing ...,
3.299691,Agent01,I,Energy 0.6, Happiness 1, Action StudyAlone,
3.316426,Agent01,I,Behavior: Wait, rating 0,
3.316426,Agent01,I,Behavior: Break, rating 36,
3.316426,Agent01,I,Behavior: Quarrel, rating -100,
3.316426,Agent01,I,Behavior: Chat, rating 7,
3.316426,Agent01,I,Behavior: StudyAlone, rating 36,
3.316426,Agent01,I,Behavior: StudyGroup, rating 7,
3.316426,Agent01,I,Best behavior Break. Executing ...,
3.316426,Agent01,I,Energy 0.65, Happiness 1, Action Break,
3.333021,Agent01,I,Behavior: Wait, rating 0,
3.333021,Agent01,I,Behavior: Break, rating 32,
3.333021,Agent01,I,Behavior: Quarrel, rating -100,
3.333021,Agent01,I,Behavior: Chat, rating 4,
3.333021,Agent01,I,Behavior: StudyAlone, rating 39,
3.333021,Agent01,I,Behavior: StudyGroup, rating 11,
3.333021,Agent01,I,Best behavior StudyAlone. Executing ...,
3.333021,Agent01,I,Energy 0.65, Happiness 1, Action StudyAlone,
3.349224,Agent01,I,Behavior: Wait, rating 0,
3.349224,Agent01,I,Behavior: Break, rating 32,
3.349224,Agent01,I,Behavior: Quarrel, rating -100,
3.349224,Agent01,I,Behavior: Chat, rating 4,
3.349224,Agent01,I,Behavior: StudyAlone, rating 39,
3.349224,Agent01,I,Behavior: StudyGroup, rating 11,
3.349224,Agent01,I,Best behavior StudyAlone. Executing ...,
3.349224,Agent01,I,Energy 0.6, Happiness 1, Action StudyAlone,
3.366311,Agent01,I,Behavior: Wait, rating 0,
3.366311,Agent01,I,Behavior: Break, rating 36,
3.366311,Agent01,I,Behavior: Quarrel, rating -100,
3.366311,Agent01,I,Behavior: Chat, rating 7,
3.366311,Agent01,I,Behavior: StudyAlone, rating 36,
3.366311,Agent01,I,Behavior: StudyGroup, rating 7,
3.366311,Agent01,I,Best behavior Break. Executing ...,
3.366311,Agent01,I,Energy 0.65, Happiness 1, Action Break,
3.382299,Agent01,I,Behavior: Wait, rating 0,
3.382299,Agent01,I,Behavior: Break, rating 32,
3.382299,Agent01,I,Behavior: Quarrel, rating -100,
3.382299,Agent01,I,Behavior: Chat, rating 4,
3.382299,Agent01,I,Behavior: StudyAlone, rating 39,
3.382299,Agent01,I,Behavior: StudyGroup, rating 11,
3.382299,Agent01,I,Best behavior StudyAlone. Executing ...,
3.382299,Agent01,I,Energy 0.65, Happiness 1, Action StudyAlone,
3.399021,Agent01,I,Behavior: Wait, rating 0,
3.399021,Agent01,I,Behavior: Break, rating 32,
3.399021,Agent01,I,Behavior: Quarrel, rating -100,
3.399021,Agent01,I,Behavior: Chat, rating 4,
3.399021,Agent01,I,Behavior: StudyAlone, rating 39,
3.399021,Agent01,I,Behavior: StudyGroup, rating 11,
3.399021,Agent01,I,Best behavior StudyAlone. Executing ...,
3.399021,Agent01,I,Energy 0.6, Happiness 1, Action StudyAlone,
3.415691,Agent01,I,Behavior: Wait, rating 0,
3.415691,Agent01,I,Behavior: Break, rating 36,
3.415691,Agent01,I,Behavior: Quarrel, rating -100,
3.415691,Agent01,I,Behavior: Chat, rating 7,
3.415691,Agent01,I,Behavior: StudyAlone, rating 36,
3.415691,Agent01,I,Behavior: StudyGroup, rating 7,
3.415691,Agent01,I,Best behavior Break. Executing ...,
3.415691,Agent01,I,Energy 0.65, Happiness 1, Action Break,
3.432351,Agent01,I,Behavior: Wait, rating 0,
3.432351,Agent01,I,Behavior: Break, rating 32,
3.432351,Agent01,I,Behavior: Quarrel, rating -100,
3.432351,Agent01,I,Behavior: Chat, rating 4,
3.432351,Agent01,I,Behavior: StudyAlone, rating 39,
3.432351,Agent01,I,Behavior: StudyGroup, rating 11,
3.432351,Agent01,I,Best behavior StudyAlone. Executing ...,
3.432351,Agent01,I,Energy 0.65, Happiness 1, Action StudyAlone,
3.448926,Agent01,I,Behavior: Wait, rating 0,
3.448926,Agent01,I,Behavior: Break, rating 32,
3.448926,Agent01,I,Behavior: Quarrel, rating -100,
3.448926,Agent01,I,Behavior: Chat, rating 4,
3.448926,Agent01,I,Behavior: StudyAlone, rating 39,
3.448926,Agent01,I,Behavior: StudyGroup, rating 11,
3.448926,Agent01,I,Best behavior StudyAlone. Executing ...,
3.448926,Agent01,I,Energy 0.6, Happiness 1, Action StudyAlone,
3.465575,Agent01,I,Behavior: Wait, rating 0,
3.465575,Agent01,I,Behavior: Break, rating 36,
3.465575,Agent01,I,Behavior: Quarrel, rating -100,
3.465575,Agent01,I,Behavior: Chat, rating 7,
3.465575,Agent01,I,Behavior: StudyAlone, rating 36,
3.465575,Agent01,I,Behavior: StudyGroup, rating 7,
3.465575,Agent01,I,Best behavior Break. Executing ...,
3.465575,Agent01,I,Energy 0.65, Happiness 1, Action Break,
3.481654,Agent01,I,Behavior: Wait, rating 0,
3.481654,Agent01,I,Behavior: Break, rating 32,
3.481654,Agent01,I,Behavior: Quarrel, rating -100,
3.481654,Agent01,I,Behavior: Chat, rating 4,
3.481654,Agent01,I,Behavior: StudyAlone, rating 39,
3.481654,Agent01,I,Behavior: StudyGroup, rating 11,
3.481654,Agent01,I,Best behavior StudyAlone. Executing ...,
3.481654,Agent01,I,Energy 0.65, Happiness 1, Action StudyAlone,
3.497725,Agent01,I,Behavior: Wait, rating 0,
3.497725,Agent01,I,Behavior: Break, rating 32,
3.497725,Agent01,I,Behavior: Quarrel, rating -100,
3.497725,Agent01,I,Behavior: Chat, rating 4,
3.497725,Agent01,I,Behavior: StudyAlone, rating 39,
3.497725,Agent01,I,Behavior: StudyGroup, rating 11,
3.497725,Agent01,I,Best behavior StudyAlone. Executing ...,
3.497725,Agent01,I,Energy 0.6, Happiness 1, Action StudyAlone,
3.514705,Agent01,I,Behavior: Wait, rating 0,
3.514705,Agent01,I,Behavior: Break, rating 36,
3.514705,Agent01,I,Behavior: Quarrel, rating -100,
3.514705,Agent01,I,Behavior: Chat, rating 7,
3.514705,Agent01,I,Behavior: StudyAlone, rating 36,
3.514705,Agent01,I,Behavior: StudyGroup, rating 7,
3.514705,Agent01,I,Best behavior Break. Executing ...,
3.514705,Agent01,I,Energy 0.65, Happiness 1, Action Break,
3.531588,Agent01,I,Behavior: Wait, rating 0,
3.531588,Agent01,I,Behavior: Break, rating 32,
3.531588,Agent01,I,Behavior: Quarrel, rating -100,
3.531588,Agent01,I,Behavior: Chat, rating 4,
3.531588,Agent01,I,Behavior: StudyAlone, rating 39,
3.531588,Agent01,I,Behavior: StudyGroup, rating 11,
3.531588,Agent01,I,Best behavior StudyAlone. Executing ...,
3.531588,Agent01,I,Energy 0.65, Happiness 1, Action StudyAlone,
3.547396,Agent01,I,Behavior: Wait, rating 0,
3.547396,Agent01,I,Behavior: Break, rating 32,
3.547396,Agent01,I,Behavior: Quarrel, rating -100,
3.547396,Agent01,I,Behavior: Chat, rating 4,
3.547396,Agent01,I,Behavior: StudyAlone, rating 39,
3.547396,Agent01,I,Behavior: StudyGroup, rating 11,
3.547396,Agent01,I,Best behavior StudyAlone. Executing ...,
3.547396,Agent01,I,Energy 0.6, Happiness 1, Action StudyAlone,
3.570021,Agent01,I,Behavior: Wait, rating 0,
3.570021,Agent01,I,Behavior: Break, rating 36,
3.570021,Agent01,I,Behavior: Quarrel, rating -100,
3.570021,Agent01,I,Behavior: Chat, rating 7,
3.570021,Agent01,I,Behavior: StudyAlone, rating 36,
3.570021,Agent01,I,Behavior: StudyGroup, rating 7,
3.570021,Agent01,I,Best behavior Break. Executing ...,
3.570021,Agent01,I,Energy 0.65, Happiness 1, Action Break,
3.586709,Agent01,I,Behavior: Wait, rating 0,
3.586709,Agent01,I,Behavior: Break, rating 32,
3.586709,Agent01,I,Behavior: Quarrel, rating -100,
3.586709,Agent01,I,Behavior: Chat, rating 4,
3.586709,Agent01,I,Behavior: StudyAlone, rating 39,
3.586709,Agent01,I,Behavior: StudyGroup, rating 11,
3.586709,Agent01,I,Best behavior StudyAlone. Executing ...,
3.586709,Agent01,I,Energy 0.65, Happiness 1, Action StudyAlone,
3.603452,Agent01,I,Behavior: Wait, rating 0,
3.603452,Agent01,I,Behavior: Break, rating 32,
3.603452,Agent01,I,Behavior: Quarrel, rating -100,
3.603452,Agent01,I,Behavior: Chat, rating 4,
3.603452,Agent01,I,Behavior: StudyAlone, rating 39,
3.603452,Agent01,I,Behavior: StudyGroup, rating 11,
3.603452,Agent01,I,Best behavior StudyAlone. Executing ...,
3.603452,Agent01,I,Energy 0.6, Happiness 1, Action StudyAlone,
3.620365,Agent01,I,Behavior: Wait, rating 0,
3.620365,Agent01,I,Behavior: Break, rating 36,
3.620365,Agent01,I,Behavior: Quarrel, rating -100,
3.620365,Agent01,I,Behavior: Chat, rating 7,
3.620365,Agent01,I,Behavior: StudyAlone, rating 36,
3.620365,Agent01,I,Behavior: StudyGroup, rating 7,
3.620365,Agent01,I,Best behavior Break. Executing ...,
3.620365,Agent01,I,Energy 0.65, Happiness 1, Action Break,
3.636344,Agent01,I,Behavior: Wait, rating 0,
3.636344,Agent01,I,Behavior: Break, rating 32,
3.636344,Agent01,I,Behavior: Quarrel, rating -100,
3.636344,Agent01,I,Behavior: Chat, rating 4,
3.636344,Agent01,I,Behavior: StudyAlone, rating 39,
3.636344,Agent01,I,Behavior: StudyGroup, rating 11,
3.636344,Agent01,I,Best behavior StudyAlone. Executing ...,
3.636344,Agent01,I,Energy 0.65, Happiness 1, Action StudyAlone,
3.653192,Agent01,I,Behavior: Wait, rating 0,
3.653192,Agent01,I,Behavior: Break, rating 32,
3.653192,Agent01,I,Behavior: Quarrel, rating -100,
3.653192,Agent01,I,Behavior: Chat, rating 4,
3.653192,Agent01,I,Behavior: StudyAlone, rating 39,
3.653192,Agent01,I,Behavior: StudyGroup, rating 11,
3.653192,Agent01,I,Best behavior StudyAlone. Executing ...,
3.653192,Agent01,I,Energy 0.6, Happiness 1, Action StudyAlone,
3.670331,Agent01,I,Behavior: Wait, rating 0,
3.670331,Agent01,I,Behavior: Break, rating 36,
3.670331,Agent01,I,Behavior: Quarrel, rating -100,
3.670331,Agent01,I,Behavior: Chat, rating 7,
3.670331,Agent01,I,Behavior: StudyAlone, rating 36,
3.670331,Agent01,I,Behavior: StudyGroup, rating 7,
3.670331,Agent01,I,Best behavior Break. Executing ...,
3.670331,Agent01,I,Energy 0.65, Happiness 1, Action Break,
3.686345,Agent01,I,Behavior: Wait, rating 0,
3.686345,Agent01,I,Behavior: Break, rating 32,
3.686345,Agent01,I,Behavior: Quarrel, rating -100,
3.686345,Agent01,I,Behavior: Chat, rating 4,
3.686345,Agent01,I,Behavior: StudyAlone, rating 39,
3.686345,Agent01,I,Behavior: StudyGroup, rating 11,
3.686345,Agent01,I,Best behavior StudyAlone. Executing ...,
3.686345,Agent01,I,Energy 0.65, Happiness 1, Action StudyAlone,
3.702733,Agent01,I,Behavior: Wait, rating 0,
3.702733,Agent01,I,Behavior: Break, rating 32,
3.702733,Agent01,I,Behavior: Quarrel, rating -100,
3.702733,Agent01,I,Behavior: Chat, rating 4,
3.702733,Agent01,I,Behavior: StudyAlone, rating 39,
3.702733,Agent01,I,Behavior: StudyGroup, rating 11,
3.702733,Agent01,I,Best behavior StudyAlone. Executing ...,
3.702733,Agent01,I,Energy 0.6, Happiness 1, Action StudyAlone,
3.719248,Agent01,I,Behavior: Wait, rating 0,
3.719248,Agent01,I,Behavior: Break, rating 36,
3.719248,Agent01,I,Behavior: Quarrel, rating -100,
3.719248,Agent01,I,Behavior: Chat, rating 7,
3.719248,Agent01,I,Behavior: StudyAlone, rating 36,
3.719248,Agent01,I,Behavior: StudyGroup, rating 7,
3.719248,Agent01,I,Best behavior Break. Executing ...,
3.719248,Agent01,I,Energy 0.65, Happiness 1, Action Break,
3.735899,Agent01,I,Behavior: Wait, rating 0,
3.735899,Agent01,I,Behavior: Break, rating 32,
3.735899,Agent01,I,Behavior: Quarrel, rating -100,
3.735899,Agent01,I,Behavior: Chat, rating 4,
3.735899,Agent01,I,Behavior: StudyAlone, rating 39,
3.735899,Agent01,I,Behavior: StudyGroup, rating 11,
3.735899,Agent01,I,Best behavior StudyAlone. Executing ...,
3.735899,Agent01,I,Energy 0.65, Happiness 1, Action StudyAlone,
3.753181,Agent01,I,Behavior: Wait, rating 0,
3.753181,Agent01,I,Behavior: Break, rating 32,
3.753181,Agent01,I,Behavior: Quarrel, rating -100,
3.753181,Agent01,I,Behavior: Chat, rating 4,
3.753181,Agent01,I,Behavior: StudyAlone, rating 39,
3.753181,Agent01,I,Behavior: StudyGroup, rating 11,
3.753181,Agent01,I,Best behavior StudyAlone. Executing ...,
3.753181,Agent01,I,Energy 0.6, Happiness 1, Action StudyAlone,
3.768964,Agent01,I,Behavior: Wait, rating 0,
3.768964,Agent01,I,Behavior: Break, rating 36,
3.768964,Agent01,I,Behavior: Quarrel, rating -100,
3.768964,Agent01,I,Behavior: Chat, rating 7,
3.768964,Agent01,I,Behavior: StudyAlone, rating 36,
3.768964,Agent01,I,Behavior: StudyGroup, rating 7,
3.768964,Agent01,I,Best behavior Break. Executing ...,
3.768964,Agent01,I,Energy 0.65, Happiness 1, Action Break,
3.785432,Agent01,I,Behavior: Wait, rating 0,
3.785432,Agent01,I,Behavior: Break, rating 32,
3.785432,Agent01,I,Behavior: Quarrel, rating -100,
3.785432,Agent01,I,Behavior: Chat, rating 4,
3.785432,Agent01,I,Behavior: StudyAlone, rating 39,
3.785432,Agent01,I,Behavior: StudyGroup, rating 11,
3.785432,Agent01,I,Best behavior StudyAlone. Executing ...,
3.785432,Agent01,I,Energy 0.65, Happiness 1, Action StudyAlone,
3.802529,Agent01,I,Behavior: Wait, rating 0,
3.802529,Agent01,I,Behavior: Break, rating 32,
3.802529,Agent01,I,Behavior: Quarrel, rating -100,
3.802529,Agent01,I,Behavior: Chat, rating 4,
3.802529,Agent01,I,Behavior: StudyAlone, rating 39,
3.802529,Agent01,I,Behavior: StudyGroup, rating 11,
3.802529,Agent01,I,Best behavior StudyAlone. Executing ...,
3.802529,Agent01,I,Energy 0.6, Happiness 1, Action StudyAlone,
3.819227,Agent01,I,Behavior: Wait, rating 0,
3.819227,Agent01,I,Behavior: Break, rating 36,
3.819227,Agent01,I,Behavior: Quarrel, rating -100,
3.819227,Agent01,I,Behavior: Chat, rating 7,
3.819227,Agent01,I,Behavior: StudyAlone, rating 36,
3.819227,Agent01,I,Behavior: StudyGroup, rating 7,
3.819227,Agent01,I,Best behavior Break. Executing ...,
3.819227,Agent01,I,Energy 0.65, Happiness 1, Action Break,
